fid,alignment,distance,angle,elev_1,quatbase_1,overburden_m,fid_2,ID,SYMBOL,EINHEIT,GRUPPE,SUBGRUPPE,LITHO_SYMB,LITHOLOGIE,LITHOLOG_1,SYSTEM,SERIE1,SUBSERIE1,STUFE1,SUBSTUFE1,SERIE2,SUBSERIE2,STUFE2,SUBSTUFE2,BEARBEITUN,AENDERUNGS,AKTUALISIE,GE_NR,Shape_Leng,Shape_Area
"1",alignment,2680,179.574544110743,288.75,254.549743652344,34.2002563476563,"3","9101",dfrsf+fafs,Schmidthof-Formation (Frasnes-Schiefer) und Famenne Schiefer,"-","-",Tst,Tonstein,"Tonstein; untergeordnet Kalkmergel- bis Mergelkalkstein und Kalkstein",Devon,Oberdevon,"-",Frasnium,"-",Oberdevon,"-",Famennium,"-",2010/07/29,2020/08/04,2021/02/26,"464800",15529.3882032,2394849.54052
"2",alignment,2690,179.574544110743,286.929992675781,254.735366821289,32.1946258544922,"3","9101",dfrsf+fafs,Schmidthof-Formation (Frasnes-Schiefer) und Famenne Schiefer,"-","-",Tst,Tonstein,"Tonstein; untergeordnet Kalkmergel- bis Mergelkalkstein und Kalkstein",Devon,Oberdevon,"-",Frasnium,"-",Oberdevon,"-",Famennium,"-",2010/07/29,2020/08/04,2021/02/26,"464800",15529.3882032,2394849.54052
"3",alignment,2700,179.574544110743,285.040008544922,254.920974731445,30.1190338134766,"3","9101",dfrsf+fafs,Schmidthof-Formation (Frasnes-Schiefer) und Famenne Schiefer,"-","-",Tst,Tonstein,"Tonstein; untergeordnet Kalkmergel- bis Mergelkalkstein und Kalkstein",Devon,Oberdevon,"-",Frasnium,"-",Oberdevon,"-",Famennium,"-",2010/07/29,2020/08/04,2021/02/26,"464800",15529.3882032,2394849.54052
"4",alignment,2720,179.574544110743,284.779998779297,255.291442871094,29.4885559082031,"3","9101",dfrsf+fafs,Schmidthof-Formation (Frasnes-Schiefer) und Famenne Schiefer,"-","-",Tst,Tonstein,"Tonstein; untergeordnet Kalkmergel- bis Mergelkalkstein und Kalkstein",Devon,Oberdevon,"-",Frasnium,"-",Oberdevon,"-",Famennium,"-",2010/07/29,2020/08/04,2021/02/26,"464800",15529.3882032,2394849.54052
"5",alignment,2710,179.574544110743,284.890014648438,255.106582641602,29.7834320068359,"3","9101",dfrsf+fafs,Schmidthof-Formation (Frasnes-Schiefer) und Famenne Schiefer,"-","-",Tst,Tonstein,"Tonstein; untergeordnet Kalkmergel- bis Mergelkalkstein und Kalkstein",Devon,Oberdevon,"-",Frasnium,"-",Oberdevon,"-",Famennium,"-",2010/07/29,2020/08/04,2021/02/26,"464800",15529.3882032,2394849.54052
"6",alignment,2730,179.574544110743,283.459991455078,255.474578857422,27.9854125976563,"3","9101",dfrsf+fafs,Schmidthof-Formation (Frasnes-Schiefer) und Famenne Schiefer,"-","-",Tst,Tonstein,"Tonstein; untergeordnet Kalkmergel- bis Mergelkalkstein und Kalkstein",Devon,Oberdevon,"-",Frasnium,"-",Oberdevon,"-",Famennium,"-",2010/07/29,2020/08/04,2021/02/26,"464800",15529.3882032,2394849.54052
"7",alignment,2740,179.574544110743,282.029998779297,255.65771484375,26.3722839355469,"3","9101",dfrsf+fafs,Schmidthof-Formation (Frasnes-Schiefer) und Famenne Schiefer,"-","-",Tst,Tonstein,"Tonstein; untergeordnet Kalkmergel- bis Mergelkalkstein und Kalkstein",Devon,Oberdevon,"-",Frasnium,"-",Oberdevon,"-",Famennium,"-",2010/07/29,2020/08/04,2021/02/26,"464800",15529.3882032,2394849.54052
"8",alignment,2750,179.574544110743,281.369995117188,255.840866088867,25.5291290283203,"3","9101",dfrsf+fafs,Schmidthof-Formation (Frasnes-Schiefer) und Famenne Schiefer,"-","-",Tst,Tonstein,"Tonstein; untergeordnet Kalkmergel- bis Mergelkalkstein und Kalkstein",Devon,Oberdevon,"-",Frasnium,"-",Oberdevon,"-",Famennium,"-",2010/07/29,2020/08/04,2021/02/26,"464800",15529.3882032,2394849.54052
"9",alignment,2760,179.574544110743,280.559997558594,256.023986816406,24.5360107421875,"3","9101",dfrsf+fafs,Schmidthof-Formation (Frasnes-Schiefer) und Famenne Schiefer,"-","-",Tst,Tonstein,"Tonstein; untergeordnet Kalkmergel- bis Mergelkalkstein und Kalkstein",Devon,Oberdevon,"-",Frasnium,"-",Oberdevon,"-",Famennium,"-",2010/07/29,2020/08/04,2021/02/26,"464800",15529.3882032,2394849.54052
"10",alignment,2770,179.574544110743,279.690002441406,256.207122802734,23.4828796386719,"3","9101",dfrsf+fafs,Schmidthof-Formation (Frasnes-Schiefer) und Famenne Schiefer,"-","-",Tst,Tonstein,"Tonstein; untergeordnet Kalkmergel- bis Mergelkalkstein und Kalkstein",Devon,Oberdevon,"-",Frasnium,"-",Oberdevon,"-",Famennium,"-",2010/07/29,2020/08/04,2021/02/26,"464800",15529.3882032,2394849.54052
"11",alignment,2780,179.574544110743,278.839996337891,256.390258789063,22.4497375488281,"3","9101",dfrsf+fafs,Schmidthof-Formation (Frasnes-Schiefer) und Famenne Schiefer,"-","-",Tst,Tonstein,"Tonstein; untergeordnet Kalkmergel- bis Mergelkalkstein und Kalkstein",Devon,Oberdevon,"-",Frasnium,"-",Oberdevon,"-",Famennium,"-",2010/07/29,2020/08/04,2021/02/26,"464800",15529.3882032,2394849.54052
"12",alignment,2790,179.574544110743,278.160003662109,256.573394775391,21.5866088867188,"3","9101",dfrsf+fafs,Schmidthof-Formation (Frasnes-Schiefer) und Famenne Schiefer,"-","-",Tst,Tonstein,"Tonstein; untergeordnet Kalkmergel- bis Mergelkalkstein und Kalkstein",Devon,Oberdevon,"-",Frasnium,"-",Oberdevon,"-",Famennium,"-",2010/07/29,2020/08/04,2021/02/26,"464800",15529.3882032,2394849.54052
"13",alignment,2800,179.574544110743,277.640014648438,256.767761230469,20.8722534179688,"3","9101",dfrsf+fafs,Schmidthof-Formation (Frasnes-Schiefer) und Famenne Schiefer,"-","-",Tst,Tonstein,"Tonstein; untergeordnet Kalkmergel- bis Mergelkalkstein und Kalkstein",Devon,Oberdevon,"-",Frasnium,"-",Oberdevon,"-",Famennium,"-",2010/07/29,2020/08/04,2021/02/26,"464800",15529.3882032,2394849.54052
"14",alignment,2810,179.574544110743,276.329986572266,256.764068603516,19.56591796875,"3","9101",dfrsf+fafs,Schmidthof-Formation (Frasnes-Schiefer) und Famenne Schiefer,"-","-",Tst,Tonstein,"Tonstein; untergeordnet Kalkmergel- bis Mergelkalkstein und Kalkstein",Devon,Oberdevon,"-",Frasnium,"-",Oberdevon,"-",Famennium,"-",2010/07/29,2020/08/04,2021/02/26,"464800",15529.3882032,2394849.54052
"15",alignment,2820,179.574544110743,276.220001220703,256.582611083984,19.6373901367188,"3","9101",dfrsf+fafs,Schmidthof-Formation (Frasnes-Schiefer) und Famenne Schiefer,"-","-",Tst,Tonstein,"Tonstein; untergeordnet Kalkmergel- bis Mergelkalkstein und Kalkstein",Devon,Oberdevon,"-",Frasnium,"-",Oberdevon,"-",Famennium,"-",2010/07/29,2020/08/04,2021/02/26,"464800",15529.3882032,2394849.54052
"16",alignment,2830,179.574544110743,276.040008544922,256.401184082031,19.6388244628906,"3","9101",dfrsf+fafs,Schmidthof-Formation (Frasnes-Schiefer) und Famenne Schiefer,"-","-",Tst,Tonstein,"Tonstein; untergeordnet Kalkmergel- bis Mergelkalkstein und Kalkstein",Devon,Oberdevon,"-",Frasnium,"-",Oberdevon,"-",Famennium,"-",2010/07/29,2020/08/04,2021/02/26,"464800",15529.3882032,2394849.54052
"17",alignment,2840,179.574544110743,275.149993896484,256.2197265625,18.9302673339844,"3","9101",dfrsf+fafs,Schmidthof-Formation (Frasnes-Schiefer) und Famenne Schiefer,"-","-",Tst,Tonstein,"Tonstein; untergeordnet Kalkmergel- bis Mergelkalkstein und Kalkstein",Devon,Oberdevon,"-",Frasnium,"-",Oberdevon,"-",Famennium,"-",2010/07/29,2020/08/04,2021/02/26,"464800",15529.3882032,2394849.54052
"18",alignment,2850,179.574544110743,275.329986572266,256.038299560547,19.2916870117188,"3","9101",dfrsf+fafs,Schmidthof-Formation (Frasnes-Schiefer) und Famenne Schiefer,"-","-",Tst,Tonstein,"Tonstein; untergeordnet Kalkmergel- bis Mergelkalkstein und Kalkstein",Devon,Oberdevon,"-",Frasnium,"-",Oberdevon,"-",Famennium,"-",2010/07/29,2020/08/04,2021/02/26,"464800",15529.3882032,2394849.54052
"19",alignment,2860,179.574544110743,273.329986572266,255.856842041016,17.47314453125,"3","9101",dfrsf+fafs,Schmidthof-Formation (Frasnes-Schiefer) und Famenne Schiefer,"-","-",Tst,Tonstein,"Tonstein; untergeordnet Kalkmergel- bis Mergelkalkstein und Kalkstein",Devon,Oberdevon,"-",Frasnium,"-",Oberdevon,"-",Famennium,"-",2010/07/29,2020/08/04,2021/02/26,"464800",15529.3882032,2394849.54052
"20",alignment,2870,179.574544110743,273.410003662109,255.675399780273,17.7346038818359,"3","9101",dfrsf+fafs,Schmidthof-Formation (Frasnes-Schiefer) und Famenne Schiefer,"-","-",Tst,Tonstein,"Tonstein; untergeordnet Kalkmergel- bis Mergelkalkstein und Kalkstein",Devon,Oberdevon,"-",Frasnium,"-",Oberdevon,"-",Famennium,"-",2010/07/29,2020/08/04,2021/02/26,"464800",15529.3882032,2394849.54052
"21",alignment,2880,179.574544110743,271.769989013672,255.493957519531,16.2760314941406,"3","9101",dfrsf+fafs,Schmidthof-Formation (Frasnes-Schiefer) und Famenne Schiefer,"-","-",Tst,Tonstein,"Tonstein; untergeordnet Kalkmergel- bis Mergelkalkstein und Kalkstein",Devon,Oberdevon,"-",Frasnium,"-",Oberdevon,"-",Famennium,"-",2010/07/29,2020/08/04,2021/02/26,"464800",15529.3882032,2394849.54052
"22",alignment,2890,179.574544110743,271.440002441406,255.312515258789,16.1274871826172,"3","9101",dfrsf+fafs,Schmidthof-Formation (Frasnes-Schiefer) und Famenne Schiefer,"-","-",Tst,Tonstein,"Tonstein; untergeordnet Kalkmergel- bis Mergelkalkstein und Kalkstein",Devon,Oberdevon,"-",Frasnium,"-",Oberdevon,"-",Famennium,"-",2010/07/29,2020/08/04,2021/02/26,"464800",15529.3882032,2394849.54052
"23",alignment,2900,179.574544110743,271.459991455078,255.281875610352,16.1781158447266,"3","9101",dfrsf+fafs,Schmidthof-Formation (Frasnes-Schiefer) und Famenne Schiefer,"-","-",Tst,Tonstein,"Tonstein; untergeordnet Kalkmergel- bis Mergelkalkstein und Kalkstein",Devon,Oberdevon,"-",Frasnium,"-",Oberdevon,"-",Famennium,"-",2010/07/29,2020/08/04,2021/02/26,"464800",15529.3882032,2394849.54052
"24",alignment,2910,179.574544110743,271.420013427734,255.402206420898,16.0178070068359,"3","9101",dfrsf+fafs,Schmidthof-Formation (Frasnes-Schiefer) und Famenne Schiefer,"-","-",Tst,Tonstein,"Tonstein; untergeordnet Kalkmergel- bis Mergelkalkstein und Kalkstein",Devon,Oberdevon,"-",Frasnium,"-",Oberdevon,"-",Famennium,"-",2010/07/29,2020/08/04,2021/02/26,"464800",15529.3882032,2394849.54052
"25",alignment,2920,179.574544110743,271.420013427734,255.518402099609,15.901611328125,"3","9101",dfrsf+fafs,Schmidthof-Formation (Frasnes-Schiefer) und Famenne Schiefer,"-","-",Tst,Tonstein,"Tonstein; untergeordnet Kalkmergel- bis Mergelkalkstein und Kalkstein",Devon,Oberdevon,"-",Frasnium,"-",Oberdevon,"-",Famennium,"-",2010/07/29,2020/08/04,2021/02/26,"464800",15529.3882032,2394849.54052
"26",alignment,2930,179.574544110743,271.380004882813,255.631149291992,15.7488555908203,"3","9101",dfrsf+fafs,Schmidthof-Formation (Frasnes-Schiefer) und Famenne Schiefer,"-","-",Tst,Tonstein,"Tonstein; untergeordnet Kalkmergel- bis Mergelkalkstein und Kalkstein",Devon,Oberdevon,"-",Frasnium,"-",Oberdevon,"-",Famennium,"-",2010/07/29,2020/08/04,2021/02/26,"464800",15529.3882032,2394849.54052
"27",alignment,2940,179.574544110743,271.529998779297,255.749908447266,15.7800903320313,"3","9101",dfrsf+fafs,Schmidthof-Formation (Frasnes-Schiefer) und Famenne Schiefer,"-","-",Tst,Tonstein,"Tonstein; untergeordnet Kalkmergel- bis Mergelkalkstein und Kalkstein",Devon,Oberdevon,"-",Frasnium,"-",Oberdevon,"-",Famennium,"-",2010/07/29,2020/08/04,2021/02/26,"464800",15529.3882032,2394849.54052
"28",alignment,2950,179.574544110743,271.200012207031,256.028900146484,15.1711120605469,"3","9101",dfrsf+fafs,Schmidthof-Formation (Frasnes-Schiefer) und Famenne Schiefer,"-","-",Tst,Tonstein,"Tonstein; untergeordnet Kalkmergel- bis Mergelkalkstein und Kalkstein",Devon,Oberdevon,"-",Frasnium,"-",Oberdevon,"-",Famennium,"-",2010/07/29,2020/08/04,2021/02/26,"464800",15529.3882032,2394849.54052
"29",alignment,2960,179.574544110743,271.410003662109,256.356201171875,15.0538024902344,"3","9101",dfrsf+fafs,Schmidthof-Formation (Frasnes-Schiefer) und Famenne Schiefer,"-","-",Tst,Tonstein,"Tonstein; untergeordnet Kalkmergel- bis Mergelkalkstein und Kalkstein",Devon,Oberdevon,"-",Frasnium,"-",Oberdevon,"-",Famennium,"-",2010/07/29,2020/08/04,2021/02/26,"464800",15529.3882032,2394849.54052
"30",alignment,2970,179.574544110743,271.660003662109,256.683532714844,14.9764709472656,"3","9101",dfrsf+fafs,Schmidthof-Formation (Frasnes-Schiefer) und Famenne Schiefer,"-","-",Tst,Tonstein,"Tonstein; untergeordnet Kalkmergel- bis Mergelkalkstein und Kalkstein",Devon,Oberdevon,"-",Frasnium,"-",Oberdevon,"-",Famennium,"-",2010/07/29,2020/08/04,2021/02/26,"464800",15529.3882032,2394849.54052
"31",alignment,2980,179.574544110743,272.100006103516,257.010833740234,15.0891723632813,"3","9101",dfrsf+fafs,Schmidthof-Formation (Frasnes-Schiefer) und Famenne Schiefer,"-","-",Tst,Tonstein,"Tonstein; untergeordnet Kalkmergel- bis Mergelkalkstein und Kalkstein",Devon,Oberdevon,"-",Frasnium,"-",Oberdevon,"-",Famennium,"-",2010/07/29,2020/08/04,2021/02/26,"464800",15529.3882032,2394849.54052
"32",alignment,2990,179.574544110743,272.140014648438,257.338134765625,14.8018798828125,"3","9101",dfrsf+fafs,Schmidthof-Formation (Frasnes-Schiefer) und Famenne Schiefer,"-","-",Tst,Tonstein,"Tonstein; untergeordnet Kalkmergel- bis Mergelkalkstein und Kalkstein",Devon,Oberdevon,"-",Frasnium,"-",Oberdevon,"-",Famennium,"-",2010/07/29,2020/08/04,2021/02/26,"464800",15529.3882032,2394849.54052
"33",alignment,3000,179.574544110743,272.359985351563,257.665466308594,14.6945190429688,"3","9101",dfrsf+fafs,Schmidthof-Formation (Frasnes-Schiefer) und Famenne Schiefer,"-","-",Tst,Tonstein,"Tonstein; untergeordnet Kalkmergel- bis Mergelkalkstein und Kalkstein",Devon,Oberdevon,"-",Frasnium,"-",Oberdevon,"-",Famennium,"-",2010/07/29,2020/08/04,2021/02/26,"464800",15529.3882032,2394849.54052
"34",alignment,3010,179.574544110743,272.519989013672,257.992767333984,14.5272216796875,"3","9101",dfrsf+fafs,Schmidthof-Formation (Frasnes-Schiefer) und Famenne Schiefer,"-","-",Tst,Tonstein,"Tonstein; untergeordnet Kalkmergel- bis Mergelkalkstein und Kalkstein",Devon,Oberdevon,"-",Frasnium,"-",Oberdevon,"-",Famennium,"-",2010/07/29,2020/08/04,2021/02/26,"464800",15529.3882032,2394849.54052
"35",alignment,3020,179.574544110743,272.329986572266,258.320098876953,14.0098876953125,"3","9101",dfrsf+fafs,Schmidthof-Formation (Frasnes-Schiefer) und Famenne Schiefer,"-","-",Tst,Tonstein,"Tonstein; untergeordnet Kalkmergel- bis Mergelkalkstein und Kalkstein",Devon,Oberdevon,"-",Frasnium,"-",Oberdevon,"-",Famennium,"-",2010/07/29,2020/08/04,2021/02/26,"464800",15529.3882032,2394849.54052
"36",alignment,3030,179.574544110743,272.359985351563,258.647399902344,13.7125854492188,"3","9101",dfrsf+fafs,Schmidthof-Formation (Frasnes-Schiefer) und Famenne Schiefer,"-","-",Tst,Tonstein,"Tonstein; untergeordnet Kalkmergel- bis Mergelkalkstein und Kalkstein",Devon,Oberdevon,"-",Frasnium,"-",Oberdevon,"-",Famennium,"-",2010/07/29,2020/08/04,2021/02/26,"464800",15529.3882032,2394849.54052
"37",alignment,3040,179.574544110743,272.230010986328,258.974731445313,13.2552795410156,"3","9101",dfrsf+fafs,Schmidthof-Formation (Frasnes-Schiefer) und Famenne Schiefer,"-","-",Tst,Tonstein,"Tonstein; untergeordnet Kalkmergel- bis Mergelkalkstein und Kalkstein",Devon,Oberdevon,"-",Frasnium,"-",Oberdevon,"-",Famennium,"-",2010/07/29,2020/08/04,2021/02/26,"464800",15529.3882032,2394849.54052
"38",alignment,3050,179.574544110743,272.239990234375,259.302032470703,12.9379577636719,"3","9101",dfrsf+fafs,Schmidthof-Formation (Frasnes-Schiefer) und Famenne Schiefer,"-","-",Tst,Tonstein,"Tonstein; untergeordnet Kalkmergel- bis Mergelkalkstein und Kalkstein",Devon,Oberdevon,"-",Frasnium,"-",Oberdevon,"-",Famennium,"-",2010/07/29,2020/08/04,2021/02/26,"464800",15529.3882032,2394849.54052
"39",alignment,3060,179.574544110743,272.220001220703,259.629364013672,12.5906372070313,"3","9101",dfrsf+fafs,Schmidthof-Formation (Frasnes-Schiefer) und Famenne Schiefer,"-","-",Tst,Tonstein,"Tonstein; untergeordnet Kalkmergel- bis Mergelkalkstein und Kalkstein",Devon,Oberdevon,"-",Frasnium,"-",Oberdevon,"-",Famennium,"-",2010/07/29,2020/08/04,2021/02/26,"464800",15529.3882032,2394849.54052
"40",alignment,3070,179.574544110743,272.260009765625,259.931823730469,12.3281860351563,"3","9101",dfrsf+fafs,Schmidthof-Formation (Frasnes-Schiefer) und Famenne Schiefer,"-","-",Tst,Tonstein,"Tonstein; untergeordnet Kalkmergel- bis Mergelkalkstein und Kalkstein",Devon,Oberdevon,"-",Frasnium,"-",Oberdevon,"-",Famennium,"-",2010/07/29,2020/08/04,2021/02/26,"464800",15529.3882032,2394849.54052
"41",alignment,3080,179.574544110743,272.429992675781,260.259124755859,12.1708679199219,"3","9101",dfrsf+fafs,Schmidthof-Formation (Frasnes-Schiefer) und Famenne Schiefer,"-","-",Tst,Tonstein,"Tonstein; untergeordnet Kalkmergel- bis Mergelkalkstein und Kalkstein",Devon,Oberdevon,"-",Frasnium,"-",Oberdevon,"-",Famennium,"-",2010/07/29,2020/08/04,2021/02/26,"464800",15529.3882032,2394849.54052
"42",alignment,3090,179.574544110743,272.649993896484,260.586456298828,12.0635375976563,"3","9101",dfrsf+fafs,Schmidthof-Formation (Frasnes-Schiefer) und Famenne Schiefer,"-","-",Tst,Tonstein,"Tonstein; untergeordnet Kalkmergel- bis Mergelkalkstein und Kalkstein",Devon,Oberdevon,"-",Frasnium,"-",Oberdevon,"-",Famennium,"-",2010/07/29,2020/08/04,2021/02/26,"464800",15529.3882032,2394849.54052
"43",alignment,3100,179.574544110743,272.720001220703,260.913757324219,11.8062438964844,"3","9101",dfrsf+fafs,Schmidthof-Formation (Frasnes-Schiefer) und Famenne Schiefer,"-","-",Tst,Tonstein,"Tonstein; untergeordnet Kalkmergel- bis Mergelkalkstein und Kalkstein",Devon,Oberdevon,"-",Frasnium,"-",Oberdevon,"-",Famennium,"-",2010/07/29,2020/08/04,2021/02/26,"464800",15529.3882032,2394849.54052
"44",alignment,3110,179.574544110743,272.440002441406,261.241088867188,11.1989135742188,"3","9101",dfrsf+fafs,Schmidthof-Formation (Frasnes-Schiefer) und Famenne Schiefer,"-","-",Tst,Tonstein,"Tonstein; untergeordnet Kalkmergel- bis Mergelkalkstein und Kalkstein",Devon,Oberdevon,"-",Frasnium,"-",Oberdevon,"-",Famennium,"-",2010/07/29,2020/08/04,2021/02/26,"464800",15529.3882032,2394849.54052
"45",alignment,3120,179.574544110743,272.440002441406,261.568389892578,10.8716125488281,"3","9101",dfrsf+fafs,Schmidthof-Formation (Frasnes-Schiefer) und Famenne Schiefer,"-","-",Tst,Tonstein,"Tonstein; untergeordnet Kalkmergel- bis Mergelkalkstein und Kalkstein",Devon,Oberdevon,"-",Frasnium,"-",Oberdevon,"-",Famennium,"-",2010/07/29,2020/08/04,2021/02/26,"464800",15529.3882032,2394849.54052
"46",alignment,3130,179.574544110743,272.869995117188,261.895721435547,10.9742736816406,"3","9101",dfrsf+fafs,Schmidthof-Formation (Frasnes-Schiefer) und Famenne Schiefer,"-","-",Tst,Tonstein,"Tonstein; untergeordnet Kalkmergel- bis Mergelkalkstein und Kalkstein",Devon,Oberdevon,"-",Frasnium,"-",Oberdevon,"-",Famennium,"-",2010/07/29,2020/08/04,2021/02/26,"464800",15529.3882032,2394849.54052
"47",alignment,3140,179.574544110743,275.720001220703,262.223022460938,13.4969787597656,"3","9101",dfrsf+fafs,Schmidthof-Formation (Frasnes-Schiefer) und Famenne Schiefer,"-","-",Tst,Tonstein,"Tonstein; untergeordnet Kalkmergel- bis Mergelkalkstein und Kalkstein",Devon,Oberdevon,"-",Frasnium,"-",Oberdevon,"-",Famennium,"-",2010/07/29,2020/08/04,2021/02/26,"464800",15529.3882032,2394849.54052
"48",alignment,3150,179.574544110743,275.640014648438,262.550354003906,13.0896606445313,"3","9101",dfrsf+fafs,Schmidthof-Formation (Frasnes-Schiefer) und Famenne Schiefer,"-","-",Tst,Tonstein,"Tonstein; untergeordnet Kalkmergel- bis Mergelkalkstein und Kalkstein",Devon,Oberdevon,"-",Frasnium,"-",Oberdevon,"-",Famennium,"-",2010/07/29,2020/08/04,2021/02/26,"464800",15529.3882032,2394849.54052
"49",alignment,3160,179.574544110743,275.820007324219,262.877655029297,12.9423522949219,"3","9101",dfrsf+fafs,Schmidthof-Formation (Frasnes-Schiefer) und Famenne Schiefer,"-","-",Tst,Tonstein,"Tonstein; untergeordnet Kalkmergel- bis Mergelkalkstein und Kalkstein",Devon,Oberdevon,"-",Frasnium,"-",Oberdevon,"-",Famennium,"-",2010/07/29,2020/08/04,2021/02/26,"464800",15529.3882032,2394849.54052
"50",alignment,3170,179.574544110743,275.790008544922,263.204956054688,12.5850524902344,"3","9101",dfrsf+fafs,Schmidthof-Formation (Frasnes-Schiefer) und Famenne Schiefer,"-","-",Tst,Tonstein,"Tonstein; untergeordnet Kalkmergel- bis Mergelkalkstein und Kalkstein",Devon,Oberdevon,"-",Frasnium,"-",Oberdevon,"-",Famennium,"-",2010/07/29,2020/08/04,2021/02/26,"464800",15529.3882032,2394849.54052
"51",alignment,3180,179.574544110743,276.029998779297,263.532287597656,12.4977111816406,"3","9101",dfrsf+fafs,Schmidthof-Formation (Frasnes-Schiefer) und Famenne Schiefer,"-","-",Tst,Tonstein,"Tonstein; untergeordnet Kalkmergel- bis Mergelkalkstein und Kalkstein",Devon,Oberdevon,"-",Frasnium,"-",Oberdevon,"-",Famennium,"-",2010/07/29,2020/08/04,2021/02/26,"464800",15529.3882032,2394849.54052
"52",alignment,3190,179.574544110743,276.140014648438,263.859588623047,12.2804260253906,"3","9101",dfrsf+fafs,Schmidthof-Formation (Frasnes-Schiefer) und Famenne Schiefer,"-","-",Tst,Tonstein,"Tonstein; untergeordnet Kalkmergel- bis Mergelkalkstein und Kalkstein",Devon,Oberdevon,"-",Frasnium,"-",Oberdevon,"-",Famennium,"-",2010/07/29,2020/08/04,2021/02/26,"464800",15529.3882032,2394849.54052
"53",alignment,3200,179.574544110743,276.079986572266,264.162048339844,11.9179382324219,"3","9101",dfrsf+fafs,Schmidthof-Formation (Frasnes-Schiefer) und Famenne Schiefer,"-","-",Tst,Tonstein,"Tonstein; untergeordnet Kalkmergel- bis Mergelkalkstein und Kalkstein",Devon,Oberdevon,"-",Frasnium,"-",Oberdevon,"-",Famennium,"-",2010/07/29,2020/08/04,2021/02/26,"464800",15529.3882032,2394849.54052
"54",alignment,3210,179.574544110743,276.130004882813,264.489379882813,11.640625,"3","9101",dfrsf+fafs,Schmidthof-Formation (Frasnes-Schiefer) und Famenne Schiefer,"-","-",Tst,Tonstein,"Tonstein; untergeordnet Kalkmergel- bis Mergelkalkstein und Kalkstein",Devon,Oberdevon,"-",Frasnium,"-",Oberdevon,"-",Famennium,"-",2010/07/29,2020/08/04,2021/02/26,"464800",15529.3882032,2394849.54052
"55",alignment,3220,179.574544110743,276.130004882813,264.816680908203,11.3133239746094,"3","9101",dfrsf+fafs,Schmidthof-Formation (Frasnes-Schiefer) und Famenne Schiefer,"-","-",Tst,Tonstein,"Tonstein; untergeordnet Kalkmergel- bis Mergelkalkstein und Kalkstein",Devon,Oberdevon,"-",Frasnium,"-",Oberdevon,"-",Famennium,"-",2010/07/29,2020/08/04,2021/02/26,"464800",15529.3882032,2394849.54052
"56",alignment,3230,179.574544110743,277.839996337891,265.144012451172,12.6959838867188,"3","9101",dfrsf+fafs,Schmidthof-Formation (Frasnes-Schiefer) und Famenne Schiefer,"-","-",Tst,Tonstein,"Tonstein; untergeordnet Kalkmergel- bis Mergelkalkstein und Kalkstein",Devon,Oberdevon,"-",Frasnium,"-",Oberdevon,"-",Famennium,"-",2010/07/29,2020/08/04,2021/02/26,"464800",15529.3882032,2394849.54052
"57",alignment,3240,179.574544110743,279.089996337891,265.471313476563,13.6186828613281,"3","9101",dfrsf+fafs,Schmidthof-Formation (Frasnes-Schiefer) und Famenne Schiefer,"-","-",Tst,Tonstein,"Tonstein; untergeordnet Kalkmergel- bis Mergelkalkstein und Kalkstein",Devon,Oberdevon,"-",Frasnium,"-",Oberdevon,"-",Famennium,"-",2010/07/29,2020/08/04,2021/02/26,"464800",15529.3882032,2394849.54052
"58",alignment,3250,179.574544110743,280.399993896484,265.798645019531,14.6013488769531,"3","9101",dfrsf+fafs,Schmidthof-Formation (Frasnes-Schiefer) und Famenne Schiefer,"-","-",Tst,Tonstein,"Tonstein; untergeordnet Kalkmergel- bis Mergelkalkstein und Kalkstein",Devon,Oberdevon,"-",Frasnium,"-",Oberdevon,"-",Famennium,"-",2010/07/29,2020/08/04,2021/02/26,"464800",15529.3882032,2394849.54052
"59",alignment,3260,179.574544110743,282.350006103516,266.125946044922,16.2240600585938,"3","9101",dfrsf+fafs,Schmidthof-Formation (Frasnes-Schiefer) und Famenne Schiefer,"-","-",Tst,Tonstein,"Tonstein; untergeordnet Kalkmergel- bis Mergelkalkstein und Kalkstein",Devon,Oberdevon,"-",Frasnium,"-",Oberdevon,"-",Famennium,"-",2010/07/29,2020/08/04,2021/02/26,"464800",15529.3882032,2394849.54052
"60",alignment,700,179.574544110743,258.329986572266,251.994720458984,6.33526611328125,"4","9097",ctmk,"Hastière-Formation, Pont d´Arcole-Formation und Vesdre-Formation (Mittlerer Kohlenkalk)",Kohlenkalk-Gruppe,"-",Dst,Dolomitstein,Dolomitstein,Karbon,Dinantium (Unterkarbon),"-",Tournaisium,"-","-","-","-","-",2010/07/29,2020/08/04,2021/02/26,"429300",30707.2255026,3746432.23328
"61",alignment,710,179.574544110743,259.230010986328,252.819473266602,6.41053771972656,"4","9097",ctmk,"Hastière-Formation, Pont d´Arcole-Formation und Vesdre-Formation (Mittlerer Kohlenkalk)",Kohlenkalk-Gruppe,"-",Dst,Dolomitstein,Dolomitstein,Karbon,Dinantium (Unterkarbon),"-",Tournaisium,"-","-","-","-","-",2010/07/29,2020/08/04,2021/02/26,"429300",30707.2255026,3746432.23328
"62",alignment,720,179.574544110743,259.440002441406,253.644241333008,5.79576110839844,"4","9097",ctmk,"Hastière-Formation, Pont d´Arcole-Formation und Vesdre-Formation (Mittlerer Kohlenkalk)",Kohlenkalk-Gruppe,"-",Dst,Dolomitstein,Dolomitstein,Karbon,Dinantium (Unterkarbon),"-",Tournaisium,"-","-","-","-","-",2010/07/29,2020/08/04,2021/02/26,"429300",30707.2255026,3746432.23328
"63",alignment,730,179.574544110743,260.529998779297,254.468994140625,6.06100463867188,"4","9097",ctmk,"Hastière-Formation, Pont d´Arcole-Formation und Vesdre-Formation (Mittlerer Kohlenkalk)",Kohlenkalk-Gruppe,"-",Dst,Dolomitstein,Dolomitstein,Karbon,Dinantium (Unterkarbon),"-",Tournaisium,"-","-","-","-","-",2010/07/29,2020/08/04,2021/02/26,"429300",30707.2255026,3746432.23328
"64",alignment,740,179.574544110743,261.720001220703,255.293762207031,6.42623901367188,"4","9097",ctmk,"Hastière-Formation, Pont d´Arcole-Formation und Vesdre-Formation (Mittlerer Kohlenkalk)",Kohlenkalk-Gruppe,"-",Dst,Dolomitstein,Dolomitstein,Karbon,Dinantium (Unterkarbon),"-",Tournaisium,"-","-","-","-","-",2010/07/29,2020/08/04,2021/02/26,"429300",30707.2255026,3746432.23328
"65",alignment,750,179.574544110743,261.600006103516,256.118530273438,5.48147583007813,"4","9097",ctmk,"Hastière-Formation, Pont d´Arcole-Formation und Vesdre-Formation (Mittlerer Kohlenkalk)",Kohlenkalk-Gruppe,"-",Dst,Dolomitstein,Dolomitstein,Karbon,Dinantium (Unterkarbon),"-",Tournaisium,"-","-","-","-","-",2010/07/29,2020/08/04,2021/02/26,"429300",30707.2255026,3746432.23328
"66",alignment,760,179.574544110743,261.559997558594,256.943267822266,4.61672973632813,"4","9097",ctmk,"Hastière-Formation, Pont d´Arcole-Formation und Vesdre-Formation (Mittlerer Kohlenkalk)",Kohlenkalk-Gruppe,"-",Dst,Dolomitstein,Dolomitstein,Karbon,Dinantium (Unterkarbon),"-",Tournaisium,"-","-","-","-","-",2010/07/29,2020/08/04,2021/02/26,"429300",30707.2255026,3746432.23328
"67",alignment,770,179.574544110743,261.429992675781,257.768035888672,3.66195678710938,"4","9097",ctmk,"Hastière-Formation, Pont d´Arcole-Formation und Vesdre-Formation (Mittlerer Kohlenkalk)",Kohlenkalk-Gruppe,"-",Dst,Dolomitstein,Dolomitstein,Karbon,Dinantium (Unterkarbon),"-",Tournaisium,"-","-","-","-","-",2010/07/29,2020/08/04,2021/02/26,"429300",30707.2255026,3746432.23328
"68",alignment,780,179.574544110743,261.839996337891,258.586029052734,3.25396728515625,"4","9097",ctmk,"Hastière-Formation, Pont d´Arcole-Formation und Vesdre-Formation (Mittlerer Kohlenkalk)",Kohlenkalk-Gruppe,"-",Dst,Dolomitstein,Dolomitstein,Karbon,Dinantium (Unterkarbon),"-",Tournaisium,"-","-","-","-","-",2010/07/29,2020/08/04,2021/02/26,"429300",30707.2255026,3746432.23328
"69",alignment,790,179.574544110743,262.040008544922,259.278930664063,2.76107788085938,"4","9097",ctmk,"Hastière-Formation, Pont d´Arcole-Formation und Vesdre-Formation (Mittlerer Kohlenkalk)",Kohlenkalk-Gruppe,"-",Dst,Dolomitstein,Dolomitstein,Karbon,Dinantium (Unterkarbon),"-",Tournaisium,"-","-","-","-","-",2010/07/29,2020/08/04,2021/02/26,"429300",30707.2255026,3746432.23328
"70",alignment,800,179.574544110743,261.959991455078,259.754669189453,2.205322265625,"4","9097",ctmk,"Hastière-Formation, Pont d´Arcole-Formation und Vesdre-Formation (Mittlerer Kohlenkalk)",Kohlenkalk-Gruppe,"-",Dst,Dolomitstein,Dolomitstein,Karbon,Dinantium (Unterkarbon),"-",Tournaisium,"-","-","-","-","-",2010/07/29,2020/08/04,2021/02/26,"429300",30707.2255026,3746432.23328
"71",alignment,810,179.574544110743,262.239990234375,260,2.239990234375,"4","9097",ctmk,"Hastière-Formation, Pont d´Arcole-Formation und Vesdre-Formation (Mittlerer Kohlenkalk)",Kohlenkalk-Gruppe,"-",Dst,Dolomitstein,Dolomitstein,Karbon,Dinantium (Unterkarbon),"-",Tournaisium,"-","-","-","-","-",2010/07/29,2020/08/04,2021/02/26,"429300",30707.2255026,3746432.23328
"72",alignment,820,179.574544110743,262.25,259.546356201172,2.70364379882813,"4","9097",ctmk,"Hastière-Formation, Pont d´Arcole-Formation und Vesdre-Formation (Mittlerer Kohlenkalk)",Kohlenkalk-Gruppe,"-",Dst,Dolomitstein,Dolomitstein,Karbon,Dinantium (Unterkarbon),"-",Tournaisium,"-","-","-","-","-",2010/07/29,2020/08/04,2021/02/26,"429300",30707.2255026,3746432.23328
"73",alignment,830,179.574544110743,262.269989013672,258.663421630859,3.6065673828125,"4","9097",ctmk,"Hastière-Formation, Pont d´Arcole-Formation und Vesdre-Formation (Mittlerer Kohlenkalk)",Kohlenkalk-Gruppe,"-",Dst,Dolomitstein,Dolomitstein,Karbon,Dinantium (Unterkarbon),"-",Tournaisium,"-","-","-","-","-",2010/07/29,2020/08/04,2021/02/26,"429300",30707.2255026,3746432.23328
"74",alignment,840,179.574544110743,262.209991455078,257.780456542969,4.42953491210938,"4","9097",ctmk,"Hastière-Formation, Pont d´Arcole-Formation und Vesdre-Formation (Mittlerer Kohlenkalk)",Kohlenkalk-Gruppe,"-",Dst,Dolomitstein,Dolomitstein,Karbon,Dinantium (Unterkarbon),"-",Tournaisium,"-","-","-","-","-",2010/07/29,2020/08/04,2021/02/26,"429300",30707.2255026,3746432.23328
"75",alignment,850,179.574544110743,262.170013427734,257.015319824219,5.15469360351563,"4","9097",ctmk,"Hastière-Formation, Pont d´Arcole-Formation und Vesdre-Formation (Mittlerer Kohlenkalk)",Kohlenkalk-Gruppe,"-",Dst,Dolomitstein,Dolomitstein,Karbon,Dinantium (Unterkarbon),"-",Tournaisium,"-","-","-","-","-",2010/07/29,2020/08/04,2021/02/26,"429300",30707.2255026,3746432.23328
"76",alignment,860,179.574544110743,262.079986572266,256.279571533203,5.8004150390625,"4","9097",ctmk,"Hastière-Formation, Pont d´Arcole-Formation und Vesdre-Formation (Mittlerer Kohlenkalk)",Kohlenkalk-Gruppe,"-",Dst,Dolomitstein,Dolomitstein,Karbon,Dinantium (Unterkarbon),"-",Tournaisium,"-","-","-","-","-",2010/07/29,2020/08/04,2021/02/26,"429300",30707.2255026,3746432.23328
"77",alignment,870,179.574544110743,264.279998779297,255.448059082031,8.83193969726563,"4","9097",ctmk,"Hastière-Formation, Pont d´Arcole-Formation und Vesdre-Formation (Mittlerer Kohlenkalk)",Kohlenkalk-Gruppe,"-",Dst,Dolomitstein,Dolomitstein,Karbon,Dinantium (Unterkarbon),"-",Tournaisium,"-","-","-","-","-",2010/07/29,2020/08/04,2021/02/26,"429300",30707.2255026,3746432.23328
"78",alignment,880,179.574544110743,262.760009765625,254.616546630859,8.14346313476563,"4","9097",ctmk,"Hastière-Formation, Pont d´Arcole-Formation und Vesdre-Formation (Mittlerer Kohlenkalk)",Kohlenkalk-Gruppe,"-",Dst,Dolomitstein,Dolomitstein,Karbon,Dinantium (Unterkarbon),"-",Tournaisium,"-","-","-","-","-",2010/07/29,2020/08/04,2021/02/26,"429300",30707.2255026,3746432.23328
"79",alignment,890,179.574544110743,262.600006103516,253.785034179688,8.81497192382813,"4","9097",ctmk,"Hastière-Formation, Pont d´Arcole-Formation und Vesdre-Formation (Mittlerer Kohlenkalk)",Kohlenkalk-Gruppe,"-",Dst,Dolomitstein,Dolomitstein,Karbon,Dinantium (Unterkarbon),"-",Tournaisium,"-","-","-","-","-",2010/07/29,2020/08/04,2021/02/26,"429300",30707.2255026,3746432.23328
"80",alignment,900,179.574544110743,262.320007324219,252.953536987305,9.36647033691406,"4","9097",ctmk,"Hastière-Formation, Pont d´Arcole-Formation und Vesdre-Formation (Mittlerer Kohlenkalk)",Kohlenkalk-Gruppe,"-",Dst,Dolomitstein,Dolomitstein,Karbon,Dinantium (Unterkarbon),"-",Tournaisium,"-","-","-","-","-",2010/07/29,2020/08/04,2021/02/26,"429300",30707.2255026,3746432.23328
"81",alignment,910,179.574544110743,262.079986572266,252.122024536133,9.95796203613281,"4","9097",ctmk,"Hastière-Formation, Pont d´Arcole-Formation und Vesdre-Formation (Mittlerer Kohlenkalk)",Kohlenkalk-Gruppe,"-",Dst,Dolomitstein,Dolomitstein,Karbon,Dinantium (Unterkarbon),"-",Tournaisium,"-","-","-","-","-",2010/07/29,2020/08/04,2021/02/26,"429300",30707.2255026,3746432.23328
"82",alignment,920,179.574544110743,262.019989013672,251.24592590332,10.7740631103516,"4","9097",ctmk,"Hastière-Formation, Pont d´Arcole-Formation und Vesdre-Formation (Mittlerer Kohlenkalk)",Kohlenkalk-Gruppe,"-",Dst,Dolomitstein,Dolomitstein,Karbon,Dinantium (Unterkarbon),"-",Tournaisium,"-","-","-","-","-",2010/07/29,2020/08/04,2021/02/26,"429300",30707.2255026,3746432.23328
"83",alignment,930,179.574544110743,261.959991455078,250.739013671875,11.2209777832031,"4","9097",ctmk,"Hastière-Formation, Pont d´Arcole-Formation und Vesdre-Formation (Mittlerer Kohlenkalk)",Kohlenkalk-Gruppe,"-",Dst,Dolomitstein,Dolomitstein,Karbon,Dinantium (Unterkarbon),"-",Tournaisium,"-","-","-","-","-",2010/07/29,2020/08/04,2021/02/26,"429300",30707.2255026,3746432.23328
"84",alignment,940,179.574544110743,261.730010986328,250.458099365234,11.2719116210938,"4","9097",ctmk,"Hastière-Formation, Pont d´Arcole-Formation und Vesdre-Formation (Mittlerer Kohlenkalk)",Kohlenkalk-Gruppe,"-",Dst,Dolomitstein,Dolomitstein,Karbon,Dinantium (Unterkarbon),"-",Tournaisium,"-","-","-","-","-",2010/07/29,2020/08/04,2021/02/26,"429300",30707.2255026,3746432.23328
"85",alignment,950,179.574544110743,261.489990234375,250.177185058594,11.3128051757813,"4","9097",ctmk,"Hastière-Formation, Pont d´Arcole-Formation und Vesdre-Formation (Mittlerer Kohlenkalk)",Kohlenkalk-Gruppe,"-",Dst,Dolomitstein,Dolomitstein,Karbon,Dinantium (Unterkarbon),"-",Tournaisium,"-","-","-","-","-",2010/07/29,2020/08/04,2021/02/26,"429300",30707.2255026,3746432.23328
"86",alignment,960,179.574544110743,261.359985351563,249.896270751953,11.4637145996094,"4","9097",ctmk,"Hastière-Formation, Pont d´Arcole-Formation und Vesdre-Formation (Mittlerer Kohlenkalk)",Kohlenkalk-Gruppe,"-",Dst,Dolomitstein,Dolomitstein,Karbon,Dinantium (Unterkarbon),"-",Tournaisium,"-","-","-","-","-",2010/07/29,2020/08/04,2021/02/26,"429300",30707.2255026,3746432.23328
"87",alignment,970,179.574544110743,261.25,249.615356445313,11.6346435546875,"4","9097",ctmk,"Hastière-Formation, Pont d´Arcole-Formation und Vesdre-Formation (Mittlerer Kohlenkalk)",Kohlenkalk-Gruppe,"-",Dst,Dolomitstein,Dolomitstein,Karbon,Dinantium (Unterkarbon),"-",Tournaisium,"-","-","-","-","-",2010/07/29,2020/08/04,2021/02/26,"429300",30707.2255026,3746432.23328
"88",alignment,980,179.574544110743,261.089996337891,249.051651000977,12.0383453369141,"4","9097",ctmk,"Hastière-Formation, Pont d´Arcole-Formation und Vesdre-Formation (Mittlerer Kohlenkalk)",Kohlenkalk-Gruppe,"-",Dst,Dolomitstein,Dolomitstein,Karbon,Dinantium (Unterkarbon),"-",Tournaisium,"-","-","-","-","-",2010/07/29,2020/08/04,2021/02/26,"429300",30707.2255026,3746432.23328
"89",alignment,990,179.574544110743,260.880004882813,248.406112670898,12.4738922119141,"4","9097",ctmk,"Hastière-Formation, Pont d´Arcole-Formation und Vesdre-Formation (Mittlerer Kohlenkalk)",Kohlenkalk-Gruppe,"-",Dst,Dolomitstein,Dolomitstein,Karbon,Dinantium (Unterkarbon),"-",Tournaisium,"-","-","-","-","-",2010/07/29,2020/08/04,2021/02/26,"429300",30707.2255026,3746432.23328
"90",alignment,1000,179.574544110743,260.720001220703,247.76057434082,12.9594268798828,"4","9097",ctmk,"Hastière-Formation, Pont d´Arcole-Formation und Vesdre-Formation (Mittlerer Kohlenkalk)",Kohlenkalk-Gruppe,"-",Dst,Dolomitstein,Dolomitstein,Karbon,Dinantium (Unterkarbon),"-",Tournaisium,"-","-","-","-","-",2010/07/29,2020/08/04,2021/02/26,"429300",30707.2255026,3746432.23328
"91",alignment,1010,179.574544110743,260.640014648438,247.115036010742,13.5249786376953,"4","9097",ctmk,"Hastière-Formation, Pont d´Arcole-Formation und Vesdre-Formation (Mittlerer Kohlenkalk)",Kohlenkalk-Gruppe,"-",Dst,Dolomitstein,Dolomitstein,Karbon,Dinantium (Unterkarbon),"-",Tournaisium,"-","-","-","-","-",2010/07/29,2020/08/04,2021/02/26,"429300",30707.2255026,3746432.23328
"92",alignment,1020,179.574544110743,260.660003662109,246.469497680664,14.1905059814453,"4","9097",ctmk,"Hastière-Formation, Pont d´Arcole-Formation und Vesdre-Formation (Mittlerer Kohlenkalk)",Kohlenkalk-Gruppe,"-",Dst,Dolomitstein,Dolomitstein,Karbon,Dinantium (Unterkarbon),"-",Tournaisium,"-","-","-","-","-",2010/07/29,2020/08/04,2021/02/26,"429300",30707.2255026,3746432.23328
"93",alignment,1030,179.574544110743,260.760009765625,246.621490478516,14.1385192871094,"4","9097",ctmk,"Hastière-Formation, Pont d´Arcole-Formation und Vesdre-Formation (Mittlerer Kohlenkalk)",Kohlenkalk-Gruppe,"-",Dst,Dolomitstein,Dolomitstein,Karbon,Dinantium (Unterkarbon),"-",Tournaisium,"-","-","-","-","-",2010/07/29,2020/08/04,2021/02/26,"429300",30707.2255026,3746432.23328
"94",alignment,1040,179.574544110743,260.140014648438,246.811935424805,13.3280792236328,"4","9097",ctmk,"Hastière-Formation, Pont d´Arcole-Formation und Vesdre-Formation (Mittlerer Kohlenkalk)",Kohlenkalk-Gruppe,"-",Dst,Dolomitstein,Dolomitstein,Karbon,Dinantium (Unterkarbon),"-",Tournaisium,"-","-","-","-","-",2010/07/29,2020/08/04,2021/02/26,"429300",30707.2255026,3746432.23328
"95",alignment,1050,179.574544110743,258.649993896484,246.848175048828,11.8018188476563,"4","9097",ctmk,"Hastière-Formation, Pont d´Arcole-Formation und Vesdre-Formation (Mittlerer Kohlenkalk)",Kohlenkalk-Gruppe,"-",Dst,Dolomitstein,Dolomitstein,Karbon,Dinantium (Unterkarbon),"-",Tournaisium,"-","-","-","-","-",2010/07/29,2020/08/04,2021/02/26,"429300",30707.2255026,3746432.23328
"96",alignment,1060,179.574544110743,258.029998779297,247.038619995117,10.9913787841797,"4","9097",ctmk,"Hastière-Formation, Pont d´Arcole-Formation und Vesdre-Formation (Mittlerer Kohlenkalk)",Kohlenkalk-Gruppe,"-",Dst,Dolomitstein,Dolomitstein,Karbon,Dinantium (Unterkarbon),"-",Tournaisium,"-","-","-","-","-",2010/07/29,2020/08/04,2021/02/26,"429300",30707.2255026,3746432.23328
"97",alignment,1070,179.574544110743,257.329986572266,246.674224853516,10.65576171875,"4","9097",ctmk,"Hastière-Formation, Pont d´Arcole-Formation und Vesdre-Formation (Mittlerer Kohlenkalk)",Kohlenkalk-Gruppe,"-",Dst,Dolomitstein,Dolomitstein,Karbon,Dinantium (Unterkarbon),"-",Tournaisium,"-","-","-","-","-",2010/07/29,2020/08/04,2021/02/26,"429300",30707.2255026,3746432.23328
"98",alignment,1080,179.574544110743,256.290008544922,246.12336730957,10.1666412353516,"4","9097",ctmk,"Hastière-Formation, Pont d´Arcole-Formation und Vesdre-Formation (Mittlerer Kohlenkalk)",Kohlenkalk-Gruppe,"-",Dst,Dolomitstein,Dolomitstein,Karbon,Dinantium (Unterkarbon),"-",Tournaisium,"-","-","-","-","-",2010/07/29,2020/08/04,2021/02/26,"429300",30707.2255026,3746432.23328
"99",alignment,1090,179.574544110743,255.25,245.580673217773,9.66932678222656,"4","9097",ctmk,"Hastière-Formation, Pont d´Arcole-Formation und Vesdre-Formation (Mittlerer Kohlenkalk)",Kohlenkalk-Gruppe,"-",Dst,Dolomitstein,Dolomitstein,Karbon,Dinantium (Unterkarbon),"-",Tournaisium,"-","-","-","-","-",2010/07/29,2020/08/04,2021/02/26,"429300",30707.2255026,3746432.23328
"100",alignment,1100,179.574544110743,254.419998168945,245.038314819336,9.38168334960938,"4","9097",ctmk,"Hastière-Formation, Pont d´Arcole-Formation und Vesdre-Formation (Mittlerer Kohlenkalk)",Kohlenkalk-Gruppe,"-",Dst,Dolomitstein,Dolomitstein,Karbon,Dinantium (Unterkarbon),"-",Tournaisium,"-","-","-","-","-",2010/07/29,2020/08/04,2021/02/26,"429300",30707.2255026,3746432.23328
"101",alignment,0,179.574544110743,236.339996337891,223.946395874023,12.3936004638672,"6","9096",cvtene,Terwagne-Formation und Neffe-Formation (Oberer Kohlenkalk),Kohlenkalk-Gruppe,"-",Kst,Kalkstein,"Kalkstein; vereinzelt Tonstein",Karbon,Dinantium (Unterkarbon),"-",Viseum,"-","-","-","-","-",2010/07/29,2020/08/04,2021/02/26,"422000",12808.8439211,1757490.31542
"102",alignment,10,179.574544110743,236.880004882813,224.382141113281,12.4978637695313,"6","9096",cvtene,Terwagne-Formation und Neffe-Formation (Oberer Kohlenkalk),Kohlenkalk-Gruppe,"-",Kst,Kalkstein,"Kalkstein; vereinzelt Tonstein",Karbon,Dinantium (Unterkarbon),"-",Viseum,"-","-","-","-","-",2010/07/29,2020/08/04,2021/02/26,"422000",12808.8439211,1757490.31542
"103",alignment,20,179.574544110743,237.369995117188,224.817886352539,12.5521087646484,"6","9096",cvtene,Terwagne-Formation und Neffe-Formation (Oberer Kohlenkalk),Kohlenkalk-Gruppe,"-",Kst,Kalkstein,"Kalkstein; vereinzelt Tonstein",Karbon,Dinantium (Unterkarbon),"-",Viseum,"-","-","-","-","-",2010/07/29,2020/08/04,2021/02/26,"422000",12808.8439211,1757490.31542
"104",alignment,30,179.574544110743,239.860000610352,225.253616333008,14.6063842773438,"6","9096",cvtene,Terwagne-Formation und Neffe-Formation (Oberer Kohlenkalk),Kohlenkalk-Gruppe,"-",Kst,Kalkstein,"Kalkstein; vereinzelt Tonstein",Karbon,Dinantium (Unterkarbon),"-",Viseum,"-","-","-","-","-",2010/07/29,2020/08/04,2021/02/26,"422000",12808.8439211,1757490.31542
"105",alignment,40,179.574544110743,246.220001220703,225.689346313477,20.5306549072266,"6","9096",cvtene,Terwagne-Formation und Neffe-Formation (Oberer Kohlenkalk),Kohlenkalk-Gruppe,"-",Kst,Kalkstein,"Kalkstein; vereinzelt Tonstein",Karbon,Dinantium (Unterkarbon),"-",Viseum,"-","-","-","-","-",2010/07/29,2020/08/04,2021/02/26,"422000",12808.8439211,1757490.31542
"106",alignment,50,179.574544110743,249.880004882813,226.125091552734,23.7549133300781,"6","9096",cvtene,Terwagne-Formation und Neffe-Formation (Oberer Kohlenkalk),Kohlenkalk-Gruppe,"-",Kst,Kalkstein,"Kalkstein; vereinzelt Tonstein",Karbon,Dinantium (Unterkarbon),"-",Viseum,"-","-","-","-","-",2010/07/29,2020/08/04,2021/02/26,"422000",12808.8439211,1757490.31542
"107",alignment,60,179.574544110743,250.320007324219,226.560836791992,23.7591705322266,"6","9096",cvtene,Terwagne-Formation und Neffe-Formation (Oberer Kohlenkalk),Kohlenkalk-Gruppe,"-",Kst,Kalkstein,"Kalkstein; vereinzelt Tonstein",Karbon,Dinantium (Unterkarbon),"-",Viseum,"-","-","-","-","-",2010/07/29,2020/08/04,2021/02/26,"422000",12808.8439211,1757490.31542
"108",alignment,70,179.574544110743,250.529998779297,226.996566772461,23.5334320068359,"6","9096",cvtene,Terwagne-Formation und Neffe-Formation (Oberer Kohlenkalk),Kohlenkalk-Gruppe,"-",Kst,Kalkstein,"Kalkstein; vereinzelt Tonstein",Karbon,Dinantium (Unterkarbon),"-",Viseum,"-","-","-","-","-",2010/07/29,2020/08/04,2021/02/26,"422000",12808.8439211,1757490.31542
"109",alignment,80,179.574544110743,250.5,227.432312011719,23.0676879882813,"6","9096",cvtene,Terwagne-Formation und Neffe-Formation (Oberer Kohlenkalk),Kohlenkalk-Gruppe,"-",Kst,Kalkstein,"Kalkstein; vereinzelt Tonstein",Karbon,Dinantium (Unterkarbon),"-",Viseum,"-","-","-","-","-",2010/07/29,2020/08/04,2021/02/26,"422000",12808.8439211,1757490.31542
"110",alignment,90,179.574544110743,250.5,227.868057250977,22.6319427490234,"6","9096",cvtene,Terwagne-Formation und Neffe-Formation (Oberer Kohlenkalk),Kohlenkalk-Gruppe,"-",Kst,Kalkstein,"Kalkstein; vereinzelt Tonstein",Karbon,Dinantium (Unterkarbon),"-",Viseum,"-","-","-","-","-",2010/07/29,2020/08/04,2021/02/26,"422000",12808.8439211,1757490.31542
"111",alignment,100,179.574544110743,250.699996948242,228.303787231445,22.3962097167969,"6","9096",cvtene,Terwagne-Formation und Neffe-Formation (Oberer Kohlenkalk),Kohlenkalk-Gruppe,"-",Kst,Kalkstein,"Kalkstein; vereinzelt Tonstein",Karbon,Dinantium (Unterkarbon),"-",Viseum,"-","-","-","-","-",2010/07/29,2020/08/04,2021/02/26,"422000",12808.8439211,1757490.31542
"112",alignment,110,179.574544110743,250.960006713867,228.689590454102,22.2704162597656,"6","9096",cvtene,Terwagne-Formation und Neffe-Formation (Oberer Kohlenkalk),Kohlenkalk-Gruppe,"-",Kst,Kalkstein,"Kalkstein; vereinzelt Tonstein",Karbon,Dinantium (Unterkarbon),"-",Viseum,"-","-","-","-","-",2010/07/29,2020/08/04,2021/02/26,"422000",12808.8439211,1757490.31542
"113",alignment,120,179.574544110743,251.270004272461,229.125335693359,22.1446685791016,"6","9096",cvtene,Terwagne-Formation und Neffe-Formation (Oberer Kohlenkalk),Kohlenkalk-Gruppe,"-",Kst,Kalkstein,"Kalkstein; vereinzelt Tonstein",Karbon,Dinantium (Unterkarbon),"-",Viseum,"-","-","-","-","-",2010/07/29,2020/08/04,2021/02/26,"422000",12808.8439211,1757490.31542
"114",alignment,130,179.574544110743,251.539993286133,229.561065673828,21.9789276123047,"6","9096",cvtene,Terwagne-Formation und Neffe-Formation (Oberer Kohlenkalk),Kohlenkalk-Gruppe,"-",Kst,Kalkstein,"Kalkstein; vereinzelt Tonstein",Karbon,Dinantium (Unterkarbon),"-",Viseum,"-","-","-","-","-",2010/07/29,2020/08/04,2021/02/26,"422000",12808.8439211,1757490.31542
"115",alignment,140,179.574544110743,251.710006713867,229.996795654297,21.7132110595703,"6","9096",cvtene,Terwagne-Formation und Neffe-Formation (Oberer Kohlenkalk),Kohlenkalk-Gruppe,"-",Kst,Kalkstein,"Kalkstein; vereinzelt Tonstein",Karbon,Dinantium (Unterkarbon),"-",Viseum,"-","-","-","-","-",2010/07/29,2020/08/04,2021/02/26,"422000",12808.8439211,1757490.31542
"116",alignment,150,179.574544110743,251.679992675781,230.432540893555,21.2474517822266,"6","9096",cvtene,Terwagne-Formation und Neffe-Formation (Oberer Kohlenkalk),Kohlenkalk-Gruppe,"-",Kst,Kalkstein,"Kalkstein; vereinzelt Tonstein",Karbon,Dinantium (Unterkarbon),"-",Viseum,"-","-","-","-","-",2010/07/29,2020/08/04,2021/02/26,"422000",12808.8439211,1757490.31542
"117",alignment,160,179.574544110743,251.309997558594,230.868286132813,20.4417114257813,"6","9096",cvtene,Terwagne-Formation und Neffe-Formation (Oberer Kohlenkalk),Kohlenkalk-Gruppe,"-",Kst,Kalkstein,"Kalkstein; vereinzelt Tonstein",Karbon,Dinantium (Unterkarbon),"-",Viseum,"-","-","-","-","-",2010/07/29,2020/08/04,2021/02/26,"422000",12808.8439211,1757490.31542
"118",alignment,170,179.574544110743,250.630004882813,231.304016113281,19.3259887695313,"6","9096",cvtene,Terwagne-Formation und Neffe-Formation (Oberer Kohlenkalk),Kohlenkalk-Gruppe,"-",Kst,Kalkstein,"Kalkstein; vereinzelt Tonstein",Karbon,Dinantium (Unterkarbon),"-",Viseum,"-","-","-","-","-",2010/07/29,2020/08/04,2021/02/26,"422000",12808.8439211,1757490.31542
"119",alignment,180,179.574544110743,248.949996948242,231.739761352539,17.2102355957031,"6","9096",cvtene,Terwagne-Formation und Neffe-Formation (Oberer Kohlenkalk),Kohlenkalk-Gruppe,"-",Kst,Kalkstein,"Kalkstein; vereinzelt Tonstein",Karbon,Dinantium (Unterkarbon),"-",Viseum,"-","-","-","-","-",2010/07/29,2020/08/04,2021/02/26,"422000",12808.8439211,1757490.31542
"120",alignment,190,179.574544110743,247.470001220703,232.175506591797,15.2944946289063,"6","9096",cvtene,Terwagne-Formation und Neffe-Formation (Oberer Kohlenkalk),Kohlenkalk-Gruppe,"-",Kst,Kalkstein,"Kalkstein; vereinzelt Tonstein",Karbon,Dinantium (Unterkarbon),"-",Viseum,"-","-","-","-","-",2010/07/29,2020/08/04,2021/02/26,"422000",12808.8439211,1757490.31542
"121",alignment,200,179.574544110743,246.830001831055,232.611236572266,14.2187652587891,"6","9096",cvtene,Terwagne-Formation und Neffe-Formation (Oberer Kohlenkalk),Kohlenkalk-Gruppe,"-",Kst,Kalkstein,"Kalkstein; vereinzelt Tonstein",Karbon,Dinantium (Unterkarbon),"-",Viseum,"-","-","-","-","-",2010/07/29,2020/08/04,2021/02/26,"422000",12808.8439211,1757490.31542
"122",alignment,210,179.574544110743,246.800003051758,233.046966552734,13.7530364990234,"6","9096",cvtene,Terwagne-Formation und Neffe-Formation (Oberer Kohlenkalk),Kohlenkalk-Gruppe,"-",Kst,Kalkstein,"Kalkstein; vereinzelt Tonstein",Karbon,Dinantium (Unterkarbon),"-",Viseum,"-","-","-","-","-",2010/07/29,2020/08/04,2021/02/26,"422000",12808.8439211,1757490.31542
"123",alignment,220,179.574544110743,246.100006103516,233.482711791992,12.6172943115234,"6","9096",cvtene,Terwagne-Formation und Neffe-Formation (Oberer Kohlenkalk),Kohlenkalk-Gruppe,"-",Kst,Kalkstein,"Kalkstein; vereinzelt Tonstein",Karbon,Dinantium (Unterkarbon),"-",Viseum,"-","-","-","-","-",2010/07/29,2020/08/04,2021/02/26,"422000",12808.8439211,1757490.31542
"124",alignment,230,179.574544110743,246.160003662109,233.91845703125,12.2415466308594,"6","9096",cvtene,Terwagne-Formation und Neffe-Formation (Oberer Kohlenkalk),Kohlenkalk-Gruppe,"-",Kst,Kalkstein,"Kalkstein; vereinzelt Tonstein",Karbon,Dinantium (Unterkarbon),"-",Viseum,"-","-","-","-","-",2010/07/29,2020/08/04,2021/02/26,"422000",12808.8439211,1757490.31542
"125",alignment,240,179.574544110743,246.039993286133,234.304244995117,11.7357482910156,"6","9096",cvtene,Terwagne-Formation und Neffe-Formation (Oberer Kohlenkalk),Kohlenkalk-Gruppe,"-",Kst,Kalkstein,"Kalkstein; vereinzelt Tonstein",Karbon,Dinantium (Unterkarbon),"-",Viseum,"-","-","-","-","-",2010/07/29,2020/08/04,2021/02/26,"422000",12808.8439211,1757490.31542
"126",alignment,250,179.574544110743,246.020004272461,234.739990234375,11.2800140380859,"6","9096",cvtene,Terwagne-Formation und Neffe-Formation (Oberer Kohlenkalk),Kohlenkalk-Gruppe,"-",Kst,Kalkstein,"Kalkstein; vereinzelt Tonstein",Karbon,Dinantium (Unterkarbon),"-",Viseum,"-","-","-","-","-",2010/07/29,2020/08/04,2021/02/26,"422000",12808.8439211,1757490.31542
"127",alignment,260,179.574544110743,246,235.175735473633,10.8242645263672,"6","9096",cvtene,Terwagne-Formation und Neffe-Formation (Oberer Kohlenkalk),Kohlenkalk-Gruppe,"-",Kst,Kalkstein,"Kalkstein; vereinzelt Tonstein",Karbon,Dinantium (Unterkarbon),"-",Viseum,"-","-","-","-","-",2010/07/29,2020/08/04,2021/02/26,"422000",12808.8439211,1757490.31542
"128",alignment,270,179.574544110743,246,235.611465454102,10.3885345458984,"6","9096",cvtene,Terwagne-Formation und Neffe-Formation (Oberer Kohlenkalk),Kohlenkalk-Gruppe,"-",Kst,Kalkstein,"Kalkstein; vereinzelt Tonstein",Karbon,Dinantium (Unterkarbon),"-",Viseum,"-","-","-","-","-",2010/07/29,2020/08/04,2021/02/26,"422000",12808.8439211,1757490.31542
"129",alignment,280,179.574544110743,245.889999389648,236.047210693359,9.84278869628906,"6","9096",cvtene,Terwagne-Formation und Neffe-Formation (Oberer Kohlenkalk),Kohlenkalk-Gruppe,"-",Kst,Kalkstein,"Kalkstein; vereinzelt Tonstein",Karbon,Dinantium (Unterkarbon),"-",Viseum,"-","-","-","-","-",2010/07/29,2020/08/04,2021/02/26,"422000",12808.8439211,1757490.31542
"130",alignment,290,179.574544110743,245.779998779297,236.482940673828,9.29705810546875,"6","9096",cvtene,Terwagne-Formation und Neffe-Formation (Oberer Kohlenkalk),Kohlenkalk-Gruppe,"-",Kst,Kalkstein,"Kalkstein; vereinzelt Tonstein",Karbon,Dinantium (Unterkarbon),"-",Viseum,"-","-","-","-","-",2010/07/29,2020/08/04,2021/02/26,"422000",12808.8439211,1757490.31542
"131",alignment,300,179.574544110743,246.320007324219,236.918685913086,9.40132141113281,"6","9096",cvtene,Terwagne-Formation und Neffe-Formation (Oberer Kohlenkalk),Kohlenkalk-Gruppe,"-",Kst,Kalkstein,"Kalkstein; vereinzelt Tonstein",Karbon,Dinantium (Unterkarbon),"-",Viseum,"-","-","-","-","-",2010/07/29,2020/08/04,2021/02/26,"422000",12808.8439211,1757490.31542
"132",alignment,310,179.574544110743,246.449996948242,237.354415893555,9.0955810546875,"6","9096",cvtene,Terwagne-Formation und Neffe-Formation (Oberer Kohlenkalk),Kohlenkalk-Gruppe,"-",Kst,Kalkstein,"Kalkstein; vereinzelt Tonstein",Karbon,Dinantium (Unterkarbon),"-",Viseum,"-","-","-","-","-",2010/07/29,2020/08/04,2021/02/26,"422000",12808.8439211,1757490.31542
"133",alignment,320,179.574544110743,246.679992675781,237.790161132813,8.88983154296875,"6","9096",cvtene,Terwagne-Formation und Neffe-Formation (Oberer Kohlenkalk),Kohlenkalk-Gruppe,"-",Kst,Kalkstein,"Kalkstein; vereinzelt Tonstein",Karbon,Dinantium (Unterkarbon),"-",Viseum,"-","-","-","-","-",2010/07/29,2020/08/04,2021/02/26,"422000",12808.8439211,1757490.31542
"134",alignment,330,179.574544110743,246.740005493164,237.98518371582,8.75482177734375,"6","9096",cvtene,Terwagne-Formation und Neffe-Formation (Oberer Kohlenkalk),Kohlenkalk-Gruppe,"-",Kst,Kalkstein,"Kalkstein; vereinzelt Tonstein",Karbon,Dinantium (Unterkarbon),"-",Viseum,"-","-","-","-","-",2010/07/29,2020/08/04,2021/02/26,"422000",12808.8439211,1757490.31542
"135",alignment,340,179.574544110743,246.710006713867,238.003784179688,8.70622253417969,"6","9096",cvtene,Terwagne-Formation und Neffe-Formation (Oberer Kohlenkalk),Kohlenkalk-Gruppe,"-",Kst,Kalkstein,"Kalkstein; vereinzelt Tonstein",Karbon,Dinantium (Unterkarbon),"-",Viseum,"-","-","-","-","-",2010/07/29,2020/08/04,2021/02/26,"422000",12808.8439211,1757490.31542
"136",alignment,350,179.574544110743,246.100006103516,238.192962646484,7.90704345703125,"6","9096",cvtene,Terwagne-Formation und Neffe-Formation (Oberer Kohlenkalk),Kohlenkalk-Gruppe,"-",Kst,Kalkstein,"Kalkstein; vereinzelt Tonstein",Karbon,Dinantium (Unterkarbon),"-",Viseum,"-","-","-","-","-",2010/07/29,2020/08/04,2021/02/26,"422000",12808.8439211,1757490.31542
"137",alignment,360,179.574544110743,245.179992675781,238.198043823242,6.98194885253906,"6","9096",cvtene,Terwagne-Formation und Neffe-Formation (Oberer Kohlenkalk),Kohlenkalk-Gruppe,"-",Kst,Kalkstein,"Kalkstein; vereinzelt Tonstein",Karbon,Dinantium (Unterkarbon),"-",Viseum,"-","-","-","-","-",2010/07/29,2020/08/04,2021/02/26,"422000",12808.8439211,1757490.31542
"138",alignment,370,179.574544110743,244.690002441406,238.271057128906,6.4189453125,"6","9096",cvtene,Terwagne-Formation und Neffe-Formation (Oberer Kohlenkalk),Kohlenkalk-Gruppe,"-",Kst,Kalkstein,"Kalkstein; vereinzelt Tonstein",Karbon,Dinantium (Unterkarbon),"-",Viseum,"-","-","-","-","-",2010/07/29,2020/08/04,2021/02/26,"422000",12808.8439211,1757490.31542
"139",alignment,380,179.574544110743,244.259994506836,238.311599731445,5.94839477539063,"6","9096",cvtene,Terwagne-Formation und Neffe-Formation (Oberer Kohlenkalk),Kohlenkalk-Gruppe,"-",Kst,Kalkstein,"Kalkstein; vereinzelt Tonstein",Karbon,Dinantium (Unterkarbon),"-",Viseum,"-","-","-","-","-",2010/07/29,2020/08/04,2021/02/26,"422000",12808.8439211,1757490.31542
"140",alignment,390,179.574544110743,243.539993286133,238.429916381836,5.11007690429688,"6","9096",cvtene,Terwagne-Formation und Neffe-Formation (Oberer Kohlenkalk),Kohlenkalk-Gruppe,"-",Kst,Kalkstein,"Kalkstein; vereinzelt Tonstein",Karbon,Dinantium (Unterkarbon),"-",Viseum,"-","-","-","-","-",2010/07/29,2020/08/04,2021/02/26,"422000",12808.8439211,1757490.31542
"141",alignment,400,179.574544110743,243.630004882813,238.622482299805,5.00752258300781,"6","9096",cvtene,Terwagne-Formation und Neffe-Formation (Oberer Kohlenkalk),Kohlenkalk-Gruppe,"-",Kst,Kalkstein,"Kalkstein; vereinzelt Tonstein",Karbon,Dinantium (Unterkarbon),"-",Viseum,"-","-","-","-","-",2010/07/29,2020/08/04,2021/02/26,"422000",12808.8439211,1757490.31542
"142",alignment,410,179.574544110743,243.460006713867,238.925796508789,4.53421020507813,"6","9096",cvtene,Terwagne-Formation und Neffe-Formation (Oberer Kohlenkalk),Kohlenkalk-Gruppe,"-",Kst,Kalkstein,"Kalkstein; vereinzelt Tonstein",Karbon,Dinantium (Unterkarbon),"-",Viseum,"-","-","-","-","-",2010/07/29,2020/08/04,2021/02/26,"422000",12808.8439211,1757490.31542
"143",alignment,420,179.574544110743,242.789993286133,239.229125976563,3.56086730957031,"6","9096",cvtene,Terwagne-Formation und Neffe-Formation (Oberer Kohlenkalk),Kohlenkalk-Gruppe,"-",Kst,Kalkstein,"Kalkstein; vereinzelt Tonstein",Karbon,Dinantium (Unterkarbon),"-",Viseum,"-","-","-","-","-",2010/07/29,2020/08/04,2021/02/26,"422000",12808.8439211,1757490.31542
"144",alignment,430,179.574544110743,242.929992675781,239.532455444336,3.39753723144531,"6","9096",cvtene,Terwagne-Formation und Neffe-Formation (Oberer Kohlenkalk),Kohlenkalk-Gruppe,"-",Kst,Kalkstein,"Kalkstein; vereinzelt Tonstein",Karbon,Dinantium (Unterkarbon),"-",Viseum,"-","-","-","-","-",2010/07/29,2020/08/04,2021/02/26,"422000",12808.8439211,1757490.31542
"145",alignment,440,179.574544110743,243.759994506836,239.83576965332,3.92422485351563,"6","9096",cvtene,Terwagne-Formation und Neffe-Formation (Oberer Kohlenkalk),Kohlenkalk-Gruppe,"-",Kst,Kalkstein,"Kalkstein; vereinzelt Tonstein",Karbon,Dinantium (Unterkarbon),"-",Viseum,"-","-","-","-","-",2010/07/29,2020/08/04,2021/02/26,"422000",12808.8439211,1757490.31542
"146",alignment,450,179.574544110743,244.5,240.139083862305,4.36091613769531,"6","9096",cvtene,Terwagne-Formation und Neffe-Formation (Oberer Kohlenkalk),Kohlenkalk-Gruppe,"-",Kst,Kalkstein,"Kalkstein; vereinzelt Tonstein",Karbon,Dinantium (Unterkarbon),"-",Viseum,"-","-","-","-","-",2010/07/29,2020/08/04,2021/02/26,"422000",12808.8439211,1757490.31542
"147",alignment,460,179.574544110743,244.940002441406,240.442413330078,4.49758911132813,"6","9096",cvtene,Terwagne-Formation und Neffe-Formation (Oberer Kohlenkalk),Kohlenkalk-Gruppe,"-",Kst,Kalkstein,"Kalkstein; vereinzelt Tonstein",Karbon,Dinantium (Unterkarbon),"-",Viseum,"-","-","-","-","-",2010/07/29,2020/08/04,2021/02/26,"422000",12808.8439211,1757490.31542
"148",alignment,470,179.574544110743,245.419998168945,240.745727539063,4.67427062988281,"6","9096",cvtene,Terwagne-Formation und Neffe-Formation (Oberer Kohlenkalk),Kohlenkalk-Gruppe,"-",Kst,Kalkstein,"Kalkstein; vereinzelt Tonstein",Karbon,Dinantium (Unterkarbon),"-",Viseum,"-","-","-","-","-",2010/07/29,2020/08/04,2021/02/26,"422000",12808.8439211,1757490.31542
"149",alignment,480,179.574544110743,245.320007324219,241.049057006836,4.27095031738281,"6","9096",cvtene,Terwagne-Formation und Neffe-Formation (Oberer Kohlenkalk),Kohlenkalk-Gruppe,"-",Kst,Kalkstein,"Kalkstein; vereinzelt Tonstein",Karbon,Dinantium (Unterkarbon),"-",Viseum,"-","-","-","-","-",2010/07/29,2020/08/04,2021/02/26,"422000",12808.8439211,1757490.31542
"150",alignment,490,179.574544110743,245.25,241.35237121582,3.89762878417969,"6","9096",cvtene,Terwagne-Formation und Neffe-Formation (Oberer Kohlenkalk),Kohlenkalk-Gruppe,"-",Kst,Kalkstein,"Kalkstein; vereinzelt Tonstein",Karbon,Dinantium (Unterkarbon),"-",Viseum,"-","-","-","-","-",2010/07/29,2020/08/04,2021/02/26,"422000",12808.8439211,1757490.31542
"151",alignment,500,179.574544110743,247.580001831055,241.655685424805,5.92431640625,"6","9096",cvtene,Terwagne-Formation und Neffe-Formation (Oberer Kohlenkalk),Kohlenkalk-Gruppe,"-",Kst,Kalkstein,"Kalkstein; vereinzelt Tonstein",Karbon,Dinantium (Unterkarbon),"-",Viseum,"-","-","-","-","-",2010/07/29,2020/08/04,2021/02/26,"422000",12808.8439211,1757490.31542
"152",alignment,510,179.574544110743,248.410003662109,241.902267456055,6.50773620605469,"6","9096",cvtene,Terwagne-Formation und Neffe-Formation (Oberer Kohlenkalk),Kohlenkalk-Gruppe,"-",Kst,Kalkstein,"Kalkstein; vereinzelt Tonstein",Karbon,Dinantium (Unterkarbon),"-",Viseum,"-","-","-","-","-",2010/07/29,2020/08/04,2021/02/26,"422000",12808.8439211,1757490.31542
"153",alignment,520,179.574544110743,248.770004272461,242.205596923828,6.56440734863281,"6","9096",cvtene,Terwagne-Formation und Neffe-Formation (Oberer Kohlenkalk),Kohlenkalk-Gruppe,"-",Kst,Kalkstein,"Kalkstein; vereinzelt Tonstein",Karbon,Dinantium (Unterkarbon),"-",Viseum,"-","-","-","-","-",2010/07/29,2020/08/04,2021/02/26,"422000",12808.8439211,1757490.31542
"154",alignment,540,179.574544110743,251.570007324219,242.812240600586,8.75776672363281,"6","9096",cvtene,Terwagne-Formation und Neffe-Formation (Oberer Kohlenkalk),Kohlenkalk-Gruppe,"-",Kst,Kalkstein,"Kalkstein; vereinzelt Tonstein",Karbon,Dinantium (Unterkarbon),"-",Viseum,"-","-","-","-","-",2010/07/29,2020/08/04,2021/02/26,"422000",12808.8439211,1757490.31542
"155",alignment,530,179.574544110743,249.050003051758,242.508926391602,6.54107666015625,"6","9096",cvtene,Terwagne-Formation und Neffe-Formation (Oberer Kohlenkalk),Kohlenkalk-Gruppe,"-",Kst,Kalkstein,"Kalkstein; vereinzelt Tonstein",Karbon,Dinantium (Unterkarbon),"-",Viseum,"-","-","-","-","-",2010/07/29,2020/08/04,2021/02/26,"422000",12808.8439211,1757490.31542
"156",alignment,550,179.574544110743,251.410003662109,243.11555480957,8.29444885253906,"6","9096",cvtene,Terwagne-Formation und Neffe-Formation (Oberer Kohlenkalk),Kohlenkalk-Gruppe,"-",Kst,Kalkstein,"Kalkstein; vereinzelt Tonstein",Karbon,Dinantium (Unterkarbon),"-",Viseum,"-","-","-","-","-",2010/07/29,2020/08/04,2021/02/26,"422000",12808.8439211,1757490.31542
"157",alignment,560,179.574544110743,251.860000610352,243.418884277344,8.44111633300781,"6","9096",cvtene,Terwagne-Formation und Neffe-Formation (Oberer Kohlenkalk),Kohlenkalk-Gruppe,"-",Kst,Kalkstein,"Kalkstein; vereinzelt Tonstein",Karbon,Dinantium (Unterkarbon),"-",Viseum,"-","-","-","-","-",2010/07/29,2020/08/04,2021/02/26,"422000",12808.8439211,1757490.31542
"158",alignment,570,179.574544110743,252.619995117188,243.722198486328,8.89779663085938,"6","9096",cvtene,Terwagne-Formation und Neffe-Formation (Oberer Kohlenkalk),Kohlenkalk-Gruppe,"-",Kst,Kalkstein,"Kalkstein; vereinzelt Tonstein",Karbon,Dinantium (Unterkarbon),"-",Viseum,"-","-","-","-","-",2010/07/29,2020/08/04,2021/02/26,"422000",12808.8439211,1757490.31542
"159",alignment,580,179.574544110743,252.710006713867,244.025512695313,8.68449401855469,"6","9096",cvtene,Terwagne-Formation und Neffe-Formation (Oberer Kohlenkalk),Kohlenkalk-Gruppe,"-",Kst,Kalkstein,"Kalkstein; vereinzelt Tonstein",Karbon,Dinantium (Unterkarbon),"-",Viseum,"-","-","-","-","-",2010/07/29,2020/08/04,2021/02/26,"422000",12808.8439211,1757490.31542
"160",alignment,590,179.574544110743,253.320007324219,244.328842163086,8.99116516113281,"6","9096",cvtene,Terwagne-Formation und Neffe-Formation (Oberer Kohlenkalk),Kohlenkalk-Gruppe,"-",Kst,Kalkstein,"Kalkstein; vereinzelt Tonstein",Karbon,Dinantium (Unterkarbon),"-",Viseum,"-","-","-","-","-",2010/07/29,2020/08/04,2021/02/26,"422000",12808.8439211,1757490.31542
"161",alignment,600,179.574544110743,253.630004882813,244.63215637207,8.99784851074219,"6","9096",cvtene,Terwagne-Formation und Neffe-Formation (Oberer Kohlenkalk),Kohlenkalk-Gruppe,"-",Kst,Kalkstein,"Kalkstein; vereinzelt Tonstein",Karbon,Dinantium (Unterkarbon),"-",Viseum,"-","-","-","-","-",2010/07/29,2020/08/04,2021/02/26,"422000",12808.8439211,1757490.31542
"162",alignment,610,179.574544110743,254.220001220703,244.935485839844,9.28451538085938,"6","9096",cvtene,Terwagne-Formation und Neffe-Formation (Oberer Kohlenkalk),Kohlenkalk-Gruppe,"-",Kst,Kalkstein,"Kalkstein; vereinzelt Tonstein",Karbon,Dinantium (Unterkarbon),"-",Viseum,"-","-","-","-","-",2010/07/29,2020/08/04,2021/02/26,"422000",12808.8439211,1757490.31542
"163",alignment,620,179.574544110743,254.289993286133,245.403396606445,8.8865966796875,"6","9096",cvtene,Terwagne-Formation und Neffe-Formation (Oberer Kohlenkalk),Kohlenkalk-Gruppe,"-",Kst,Kalkstein,"Kalkstein; vereinzelt Tonstein",Karbon,Dinantium (Unterkarbon),"-",Viseum,"-","-","-","-","-",2010/07/29,2020/08/04,2021/02/26,"422000",12808.8439211,1757490.31542
"164",alignment,630,179.574544110743,254.520004272461,246.228149414063,8.29185485839844,"6","9096",cvtene,Terwagne-Formation und Neffe-Formation (Oberer Kohlenkalk),Kohlenkalk-Gruppe,"-",Kst,Kalkstein,"Kalkstein; vereinzelt Tonstein",Karbon,Dinantium (Unterkarbon),"-",Viseum,"-","-","-","-","-",2010/07/29,2020/08/04,2021/02/26,"422000",12808.8439211,1757490.31542
"165",alignment,640,179.574544110743,255.550003051758,247.052917480469,8.49708557128906,"6","9096",cvtene,Terwagne-Formation und Neffe-Formation (Oberer Kohlenkalk),Kohlenkalk-Gruppe,"-",Kst,Kalkstein,"Kalkstein; vereinzelt Tonstein",Karbon,Dinantium (Unterkarbon),"-",Viseum,"-","-","-","-","-",2010/07/29,2020/08/04,2021/02/26,"422000",12808.8439211,1757490.31542
"166",alignment,650,179.574544110743,256.5,247.87092590332,8.62907409667969,"6","9096",cvtene,Terwagne-Formation und Neffe-Formation (Oberer Kohlenkalk),Kohlenkalk-Gruppe,"-",Kst,Kalkstein,"Kalkstein; vereinzelt Tonstein",Karbon,Dinantium (Unterkarbon),"-",Viseum,"-","-","-","-","-",2010/07/29,2020/08/04,2021/02/26,"422000",12808.8439211,1757490.31542
"167",alignment,660,179.574544110743,256.709991455078,248.695678710938,8.01431274414063,"6","9096",cvtene,Terwagne-Formation und Neffe-Formation (Oberer Kohlenkalk),Kohlenkalk-Gruppe,"-",Kst,Kalkstein,"Kalkstein; vereinzelt Tonstein",Karbon,Dinantium (Unterkarbon),"-",Viseum,"-","-","-","-","-",2010/07/29,2020/08/04,2021/02/26,"422000",12808.8439211,1757490.31542
"168",alignment,670,179.574544110743,257.540008544922,249.520446777344,8.01956176757813,"6","9096",cvtene,Terwagne-Formation und Neffe-Formation (Oberer Kohlenkalk),Kohlenkalk-Gruppe,"-",Kst,Kalkstein,"Kalkstein; vereinzelt Tonstein",Karbon,Dinantium (Unterkarbon),"-",Viseum,"-","-","-","-","-",2010/07/29,2020/08/04,2021/02/26,"422000",12808.8439211,1757490.31542
"169",alignment,680,179.574544110743,256.209991455078,250.345199584961,5.86479187011719,"6","9096",cvtene,Terwagne-Formation und Neffe-Formation (Oberer Kohlenkalk),Kohlenkalk-Gruppe,"-",Kst,Kalkstein,"Kalkstein; vereinzelt Tonstein",Karbon,Dinantium (Unterkarbon),"-",Viseum,"-","-","-","-","-",2010/07/29,2020/08/04,2021/02/26,"422000",12808.8439211,1757490.31542
"170",alignment,690,179.574544110743,256.260009765625,251.169952392578,5.09005737304688,"6","9096",cvtene,Terwagne-Formation und Neffe-Formation (Oberer Kohlenkalk),Kohlenkalk-Gruppe,"-",Kst,Kalkstein,"Kalkstein; vereinzelt Tonstein",Karbon,Dinantium (Unterkarbon),"-",Viseum,"-","-","-","-","-",2010/07/29,2020/08/04,2021/02/26,"422000",12808.8439211,1757490.31542
"171",alignment,3270,179.574544110743,283.769989013672,266.453247070313,17.3167419433594,"7","9102",dfrsfkk,"Schmidthof-Formation, Frasnes-Knollenkalk","-","-",Kst,Kalkstein,"Kalkstein; wenig Mergelstein; wenig Tonstein",Devon,Oberdevon,"-",Frasnium,"-","-","-","-","-",2010/07/29,2020/08/04,2021/02/26,"464300",15922.4609881,2217093.65687
"172",alignment,3280,179.574544110743,284.850006103516,266.780578613281,18.0694274902344,"7","9102",dfrsfkk,"Schmidthof-Formation, Frasnes-Knollenkalk","-","-",Kst,Kalkstein,"Kalkstein; wenig Mergelstein; wenig Tonstein",Devon,Oberdevon,"-",Frasnium,"-","-","-","-","-",2010/07/29,2020/08/04,2021/02/26,"464300",15922.4609881,2217093.65687
"173",alignment,3290,179.574544110743,284.880004882813,267.107879638672,17.7721252441406,"7","9102",dfrsfkk,"Schmidthof-Formation, Frasnes-Knollenkalk","-","-",Kst,Kalkstein,"Kalkstein; wenig Mergelstein; wenig Tonstein",Devon,Oberdevon,"-",Frasnium,"-","-","-","-","-",2010/07/29,2020/08/04,2021/02/26,"464300",15922.4609881,2217093.65687
"174",alignment,3300,179.574544110743,286.559997558594,267.435211181641,19.1247863769531,"7","9102",dfrsfkk,"Schmidthof-Formation, Frasnes-Knollenkalk","-","-",Kst,Kalkstein,"Kalkstein; wenig Mergelstein; wenig Tonstein",Devon,Oberdevon,"-",Frasnium,"-","-","-","-","-",2010/07/29,2020/08/04,2021/02/26,"464300",15922.4609881,2217093.65687
"175",alignment,3310,179.574544110743,287.630004882813,267.762512207031,19.8674926757813,"7","9102",dfrsfkk,"Schmidthof-Formation, Frasnes-Knollenkalk","-","-",Kst,Kalkstein,"Kalkstein; wenig Mergelstein; wenig Tonstein",Devon,Oberdevon,"-",Frasnium,"-","-","-","-","-",2010/07/29,2020/08/04,2021/02/26,"464300",15922.4609881,2217093.65687
"176",alignment,3320,179.574544110743,287.790008544922,268.08984375,19.7001647949219,"7","9102",dfrsfkk,"Schmidthof-Formation, Frasnes-Knollenkalk","-","-",Kst,Kalkstein,"Kalkstein; wenig Mergelstein; wenig Tonstein",Devon,Oberdevon,"-",Frasnium,"-","-","-","-","-",2010/07/29,2020/08/04,2021/02/26,"464300",15922.4609881,2217093.65687
"177",alignment,3330,179.574544110743,287.950012207031,268.417144775391,19.5328674316406,"7","9102",dfrsfkk,"Schmidthof-Formation, Frasnes-Knollenkalk","-","-",Kst,Kalkstein,"Kalkstein; wenig Mergelstein; wenig Tonstein",Devon,Oberdevon,"-",Frasnium,"-","-","-","-","-",2010/07/29,2020/08/04,2021/02/26,"464300",15922.4609881,2217093.65687
"178",alignment,3340,179.574544110743,288.100006103516,268.719635009766,19.38037109375,"7","9102",dfrsfkk,"Schmidthof-Formation, Frasnes-Knollenkalk","-","-",Kst,Kalkstein,"Kalkstein; wenig Mergelstein; wenig Tonstein",Devon,Oberdevon,"-",Frasnium,"-","-","-","-","-",2010/07/29,2020/08/04,2021/02/26,"464300",15922.4609881,2217093.65687
"179",alignment,3350,179.574544110743,287.700012207031,269.046936035156,18.653076171875,"7","9102",dfrsfkk,"Schmidthof-Formation, Frasnes-Knollenkalk","-","-",Kst,Kalkstein,"Kalkstein; wenig Mergelstein; wenig Tonstein",Devon,Oberdevon,"-",Frasnium,"-","-","-","-","-",2010/07/29,2020/08/04,2021/02/26,"464300",15922.4609881,2217093.65687
"180",alignment,3360,179.574544110743,287.600006103516,269.374237060547,18.2257690429688,"7","9102",dfrsfkk,"Schmidthof-Formation, Frasnes-Knollenkalk","-","-",Kst,Kalkstein,"Kalkstein; wenig Mergelstein; wenig Tonstein",Devon,Oberdevon,"-",Frasnium,"-","-","-","-","-",2010/07/29,2020/08/04,2021/02/26,"464300",15922.4609881,2217093.65687
"181",alignment,3370,179.574544110743,287.899993896484,269.701568603516,18.1984252929688,"7","9102",dfrsfkk,"Schmidthof-Formation, Frasnes-Knollenkalk","-","-",Kst,Kalkstein,"Kalkstein; wenig Mergelstein; wenig Tonstein",Devon,Oberdevon,"-",Frasnium,"-","-","-","-","-",2010/07/29,2020/08/04,2021/02/26,"464300",15922.4609881,2217093.65687
"182",alignment,3380,179.574544110743,287.5,270.028869628906,17.4711303710938,"7","9102",dfrsfkk,"Schmidthof-Formation, Frasnes-Knollenkalk","-","-",Kst,Kalkstein,"Kalkstein; wenig Mergelstein; wenig Tonstein",Devon,Oberdevon,"-",Frasnium,"-","-","-","-","-",2010/07/29,2020/08/04,2021/02/26,"464300",15922.4609881,2217093.65687
"183",alignment,3390,179.574544110743,287.540008544922,270.356201171875,17.1838073730469,"7","9102",dfrsfkk,"Schmidthof-Formation, Frasnes-Knollenkalk","-","-",Kst,Kalkstein,"Kalkstein; wenig Mergelstein; wenig Tonstein",Devon,Oberdevon,"-",Frasnium,"-","-","-","-","-",2010/07/29,2020/08/04,2021/02/26,"464300",15922.4609881,2217093.65687
"184",alignment,3400,179.574544110743,287.589996337891,270.683502197266,16.906494140625,"7","9102",dfrsfkk,"Schmidthof-Formation, Frasnes-Knollenkalk","-","-",Kst,Kalkstein,"Kalkstein; wenig Mergelstein; wenig Tonstein",Devon,Oberdevon,"-",Frasnium,"-","-","-","-","-",2010/07/29,2020/08/04,2021/02/26,"464300",15922.4609881,2217093.65687
"185",alignment,3410,179.574544110743,287.739990234375,271.010833740234,16.7291564941406,"7","9102",dfrsfkk,"Schmidthof-Formation, Frasnes-Knollenkalk","-","-",Kst,Kalkstein,"Kalkstein; wenig Mergelstein; wenig Tonstein",Devon,Oberdevon,"-",Frasnium,"-","-","-","-","-",2010/07/29,2020/08/04,2021/02/26,"464300",15922.4609881,2217093.65687
"186",alignment,3420,179.574544110743,287.959991455078,271.338134765625,16.6218566894531,"7","9102",dfrsfkk,"Schmidthof-Formation, Frasnes-Knollenkalk","-","-",Kst,Kalkstein,"Kalkstein; wenig Mergelstein; wenig Tonstein",Devon,Oberdevon,"-",Frasnium,"-","-","-","-","-",2010/07/29,2020/08/04,2021/02/26,"464300",15922.4609881,2217093.65687
"187",alignment,3430,179.574544110743,288.200012207031,271.665435791016,16.5345764160156,"7","9102",dfrsfkk,"Schmidthof-Formation, Frasnes-Knollenkalk","-","-",Kst,Kalkstein,"Kalkstein; wenig Mergelstein; wenig Tonstein",Devon,Oberdevon,"-",Frasnium,"-","-","-","-","-",2010/07/29,2020/08/04,2021/02/26,"464300",15922.4609881,2217093.65687
"188",alignment,3440,179.574544110743,288.510009765625,271.992767333984,16.5172424316406,"7","9102",dfrsfkk,"Schmidthof-Formation, Frasnes-Knollenkalk","-","-",Kst,Kalkstein,"Kalkstein; wenig Mergelstein; wenig Tonstein",Devon,Oberdevon,"-",Frasnium,"-","-","-","-","-",2010/07/29,2020/08/04,2021/02/26,"464300",15922.4609881,2217093.65687
"189",alignment,3450,179.574544110743,288.859985351563,272.320068359375,16.5399169921875,"7","9102",dfrsfkk,"Schmidthof-Formation, Frasnes-Knollenkalk","-","-",Kst,Kalkstein,"Kalkstein; wenig Mergelstein; wenig Tonstein",Devon,Oberdevon,"-",Frasnium,"-","-","-","-","-",2010/07/29,2020/08/04,2021/02/26,"464300",15922.4609881,2217093.65687
"190",alignment,3460,179.574544110743,289.239990234375,272.647399902344,16.5925903320313,"7","9102",dfrsfkk,"Schmidthof-Formation, Frasnes-Knollenkalk","-","-",Kst,Kalkstein,"Kalkstein; wenig Mergelstein; wenig Tonstein",Devon,Oberdevon,"-",Frasnium,"-","-","-","-","-",2010/07/29,2020/08/04,2021/02/26,"464300",15922.4609881,2217093.65687
"191",alignment,3470,179.574544110743,289.890014648438,272.949859619141,16.9401550292969,"7","9102",dfrsfkk,"Schmidthof-Formation, Frasnes-Knollenkalk","-","-",Kst,Kalkstein,"Kalkstein; wenig Mergelstein; wenig Tonstein",Devon,Oberdevon,"-",Frasnium,"-","-","-","-","-",2010/07/29,2020/08/04,2021/02/26,"464300",15922.4609881,2217093.65687
"192",alignment,3480,179.574544110743,289.920013427734,273.277160644531,16.6428527832031,"7","9102",dfrsfkk,"Schmidthof-Formation, Frasnes-Knollenkalk","-","-",Kst,Kalkstein,"Kalkstein; wenig Mergelstein; wenig Tonstein",Devon,Oberdevon,"-",Frasnium,"-","-","-","-","-",2010/07/29,2020/08/04,2021/02/26,"464300",15922.4609881,2217093.65687
"193",alignment,3490,179.574544110743,290.690002441406,273.6044921875,17.0855102539063,"7","9102",dfrsfkk,"Schmidthof-Formation, Frasnes-Knollenkalk","-","-",Kst,Kalkstein,"Kalkstein; wenig Mergelstein; wenig Tonstein",Devon,Oberdevon,"-",Frasnium,"-","-","-","-","-",2010/07/29,2020/08/04,2021/02/26,"464300",15922.4609881,2217093.65687
"194",alignment,3500,179.574544110743,290.690002441406,273.931793212891,16.7582092285156,"7","9102",dfrsfkk,"Schmidthof-Formation, Frasnes-Knollenkalk","-","-",Kst,Kalkstein,"Kalkstein; wenig Mergelstein; wenig Tonstein",Devon,Oberdevon,"-",Frasnium,"-","-","-","-","-",2010/07/29,2020/08/04,2021/02/26,"464300",15922.4609881,2217093.65687
"195",alignment,3510,179.574544110743,292.100006103516,274.259124755859,17.8408813476563,"7","9102",dfrsfkk,"Schmidthof-Formation, Frasnes-Knollenkalk","-","-",Kst,Kalkstein,"Kalkstein; wenig Mergelstein; wenig Tonstein",Devon,Oberdevon,"-",Frasnium,"-","-","-","-","-",2010/07/29,2020/08/04,2021/02/26,"464300",15922.4609881,2217093.65687
"196",alignment,3520,179.574544110743,292.25,274.58642578125,17.66357421875,"7","9102",dfrsfkk,"Schmidthof-Formation, Frasnes-Knollenkalk","-","-",Kst,Kalkstein,"Kalkstein; wenig Mergelstein; wenig Tonstein",Devon,Oberdevon,"-",Frasnium,"-","-","-","-","-",2010/07/29,2020/08/04,2021/02/26,"464300",15922.4609881,2217093.65687
"197",alignment,3530,179.574544110743,292.290008544922,274.913757324219,17.3762512207031,"7","9102",dfrsfkk,"Schmidthof-Formation, Frasnes-Knollenkalk","-","-",Kst,Kalkstein,"Kalkstein; wenig Mergelstein; wenig Tonstein",Devon,Oberdevon,"-",Frasnium,"-","-","-","-","-",2010/07/29,2020/08/04,2021/02/26,"464300",15922.4609881,2217093.65687
"198",alignment,3540,179.574544110743,292.25,275.241058349609,17.0089416503906,"7","9102",dfrsfkk,"Schmidthof-Formation, Frasnes-Knollenkalk","-","-",Kst,Kalkstein,"Kalkstein; wenig Mergelstein; wenig Tonstein",Devon,Oberdevon,"-",Frasnium,"-","-","-","-","-",2010/07/29,2020/08/04,2021/02/26,"464300",15922.4609881,2217093.65687
"199",alignment,3550,179.574544110743,292.279998779297,275.568359375,16.7116394042969,"7","9102",dfrsfkk,"Schmidthof-Formation, Frasnes-Knollenkalk","-","-",Kst,Kalkstein,"Kalkstein; wenig Mergelstein; wenig Tonstein",Devon,Oberdevon,"-",Frasnium,"-","-","-","-","-",2010/07/29,2020/08/04,2021/02/26,"464300",15922.4609881,2217093.65687
"200",alignment,3560,179.574544110743,292.390014648438,275.895690917969,16.4943237304688,"7","9102",dfrsfkk,"Schmidthof-Formation, Frasnes-Knollenkalk","-","-",Kst,Kalkstein,"Kalkstein; wenig Mergelstein; wenig Tonstein",Devon,Oberdevon,"-",Frasnium,"-","-","-","-","-",2010/07/29,2020/08/04,2021/02/26,"464300",15922.4609881,2217093.65687
"201",alignment,3570,179.574544110743,292.510009765625,276.222991943359,16.2870178222656,"7","9102",dfrsfkk,"Schmidthof-Formation, Frasnes-Knollenkalk","-","-",Kst,Kalkstein,"Kalkstein; wenig Mergelstein; wenig Tonstein",Devon,Oberdevon,"-",Frasnium,"-","-","-","-","-",2010/07/29,2020/08/04,2021/02/26,"464300",15922.4609881,2217093.65687
"202",alignment,3580,179.574544110743,292.579986572266,276.550323486328,16.0296630859375,"7","9102",dfrsfkk,"Schmidthof-Formation, Frasnes-Knollenkalk","-","-",Kst,Kalkstein,"Kalkstein; wenig Mergelstein; wenig Tonstein",Devon,Oberdevon,"-",Frasnium,"-","-","-","-","-",2010/07/29,2020/08/04,2021/02/26,"464300",15922.4609881,2217093.65687
"203",alignment,3590,179.574544110743,292.790008544922,276.877624511719,15.9123840332031,"7","9102",dfrsfkk,"Schmidthof-Formation, Frasnes-Knollenkalk","-","-",Kst,Kalkstein,"Kalkstein; wenig Mergelstein; wenig Tonstein",Devon,Oberdevon,"-",Frasnium,"-","-","-","-","-",2010/07/29,2020/08/04,2021/02/26,"464300",15922.4609881,2217093.65687
"204",alignment,3600,179.574544110743,292.950012207031,277.204956054688,15.7450561523438,"7","9102",dfrsfkk,"Schmidthof-Formation, Frasnes-Knollenkalk","-","-",Kst,Kalkstein,"Kalkstein; wenig Mergelstein; wenig Tonstein",Devon,Oberdevon,"-",Frasnium,"-","-","-","-","-",2010/07/29,2020/08/04,2021/02/26,"464300",15922.4609881,2217093.65687
"205",alignment,3610,179.574544110743,293.119995117188,277.507415771484,15.6125793457031,"8","9103",dvfrmk,Massenkalk (ungegliedert),"-","-",Kst+Dst,Kalkstein und Dolomitstein,Kalkstein und Dolomitstein,Devon,Mitteldevon,"-",Givetium,"-",Oberdevon,"-",Frasnium,"-",2010/07/29,2020/08/04,2021/02/26,"469000",14257.5497147,1866485.54028
"206",alignment,3620,179.574544110743,293.220001220703,277.834716796875,15.3852844238281,"8","9103",dvfrmk,Massenkalk (ungegliedert),"-","-",Kst+Dst,Kalkstein und Dolomitstein,Kalkstein und Dolomitstein,Devon,Mitteldevon,"-",Givetium,"-",Oberdevon,"-",Frasnium,"-",2010/07/29,2020/08/04,2021/02/26,"469000",14257.5497147,1866485.54028
"207",alignment,3630,179.574544110743,293.670013427734,278.162048339844,15.5079650878906,"8","9103",dvfrmk,Massenkalk (ungegliedert),"-","-",Kst+Dst,Kalkstein und Dolomitstein,Kalkstein und Dolomitstein,Devon,Mitteldevon,"-",Givetium,"-",Oberdevon,"-",Frasnium,"-",2010/07/29,2020/08/04,2021/02/26,"469000",14257.5497147,1866485.54028
"208",alignment,3640,179.574544110743,294.920013427734,278.489349365234,16.4306640625,"8","9103",dvfrmk,Massenkalk (ungegliedert),"-","-",Kst+Dst,Kalkstein und Dolomitstein,Kalkstein und Dolomitstein,Devon,Mitteldevon,"-",Givetium,"-",Oberdevon,"-",Frasnium,"-",2010/07/29,2020/08/04,2021/02/26,"469000",14257.5497147,1866485.54028
"209",alignment,3650,179.574544110743,293.489990234375,278.816680908203,14.6733093261719,"8","9103",dvfrmk,Massenkalk (ungegliedert),"-","-",Kst+Dst,Kalkstein und Dolomitstein,Kalkstein und Dolomitstein,Devon,Mitteldevon,"-",Givetium,"-",Oberdevon,"-",Frasnium,"-",2010/07/29,2020/08/04,2021/02/26,"469000",14257.5497147,1866485.54028
"210",alignment,3660,179.574544110743,283.390014648438,279.143981933594,4.24603271484375,"8","9103",dvfrmk,Massenkalk (ungegliedert),"-","-",Kst+Dst,Kalkstein und Dolomitstein,Kalkstein und Dolomitstein,Devon,Mitteldevon,"-",Givetium,"-",Oberdevon,"-",Frasnium,"-",2010/07/29,2020/08/04,2021/02/26,"469000",14257.5497147,1866485.54028
"211",alignment,3670,179.574544110743,269.019989013672,279.471313476563,-10.4513244628906,"8","9103",dvfrmk,Massenkalk (ungegliedert),"-","-",Kst+Dst,Kalkstein und Dolomitstein,Kalkstein und Dolomitstein,Devon,Mitteldevon,"-",Givetium,"-",Oberdevon,"-",Frasnium,"-",2010/07/29,2020/08/04,2021/02/26,"469000",14257.5497147,1866485.54028
"212",alignment,3680,179.574544110743,268.5,279.798614501953,-11.2986145019531,"8","9103",dvfrmk,Massenkalk (ungegliedert),"-","-",Kst+Dst,Kalkstein und Dolomitstein,Kalkstein und Dolomitstein,Devon,Mitteldevon,"-",Givetium,"-",Oberdevon,"-",Frasnium,"-",2010/07/29,2020/08/04,2021/02/26,"469000",14257.5497147,1866485.54028
"213",alignment,3690,179.574544110743,268.630004882813,280.125915527344,-11.4959106445313,"8","9103",dvfrmk,Massenkalk (ungegliedert),"-","-",Kst+Dst,Kalkstein und Dolomitstein,Kalkstein und Dolomitstein,Devon,Mitteldevon,"-",Givetium,"-",Oberdevon,"-",Frasnium,"-",2010/07/29,2020/08/04,2021/02/26,"469000",14257.5497147,1866485.54028
"214",alignment,3700,179.574544110743,270.679992675781,280.453247070313,-9.77325439453125,"8","9103",dvfrmk,Massenkalk (ungegliedert),"-","-",Kst+Dst,Kalkstein und Dolomitstein,Kalkstein und Dolomitstein,Devon,Mitteldevon,"-",Givetium,"-",Oberdevon,"-",Frasnium,"-",2010/07/29,2020/08/04,2021/02/26,"469000",14257.5497147,1866485.54028
"215",alignment,3710,179.574544110743,273,280.780548095703,-7.78054809570313,"8","9103",dvfrmk,Massenkalk (ungegliedert),"-","-",Kst+Dst,Kalkstein und Dolomitstein,Kalkstein und Dolomitstein,Devon,Mitteldevon,"-",Givetium,"-",Oberdevon,"-",Frasnium,"-",2010/07/29,2020/08/04,2021/02/26,"469000",14257.5497147,1866485.54028
"216",alignment,1110,179.574544110743,253.919998168945,244.555557250977,9.36444091796875,"10","9100",dfaes-ev,Esneux-Formation bis Evieux-Formation (Condroz-Sandstein),Condroz-Gruppe,"-",Sst,Sandstein,"Sandstein; vereinzelt Kalkstein und Dolomitstein",Devon,Oberdevon,"-",Famennium,"-","-","-","-","-",2010/07/29,2020/08/04,2021/02/26,"446300",19048.2164663,6959904.18553
"217",alignment,1120,179.574544110743,253.699996948242,244.247695922852,9.45230102539063,"10","9100",dfaes-ev,Esneux-Formation bis Evieux-Formation (Condroz-Sandstein),Condroz-Gruppe,"-",Sst,Sandstein,"Sandstein; vereinzelt Kalkstein und Dolomitstein",Devon,Oberdevon,"-",Famennium,"-","-","-","-","-",2010/07/29,2020/08/04,2021/02/26,"446300",19048.2164663,6959904.18553
"218",alignment,1130,179.574544110743,253.720001220703,243.939834594727,9.78016662597656,"10","9100",dfaes-ev,Esneux-Formation bis Evieux-Formation (Condroz-Sandstein),Condroz-Gruppe,"-",Sst,Sandstein,"Sandstein; vereinzelt Kalkstein und Dolomitstein",Devon,Oberdevon,"-",Famennium,"-","-","-","-","-",2010/07/29,2020/08/04,2021/02/26,"446300",19048.2164663,6959904.18553
"219",alignment,1140,179.574544110743,252.169998168945,243.631973266602,8.53802490234375,"10","9100",dfaes-ev,Esneux-Formation bis Evieux-Formation (Condroz-Sandstein),Condroz-Gruppe,"-",Sst,Sandstein,"Sandstein; vereinzelt Kalkstein und Dolomitstein",Devon,Oberdevon,"-",Famennium,"-","-","-","-","-",2010/07/29,2020/08/04,2021/02/26,"446300",19048.2164663,6959904.18553
"220",alignment,1150,179.574544110743,252.080001831055,243.324111938477,8.75588989257813,"10","9100",dfaes-ev,Esneux-Formation bis Evieux-Formation (Condroz-Sandstein),Condroz-Gruppe,"-",Sst,Sandstein,"Sandstein; vereinzelt Kalkstein und Dolomitstein",Devon,Oberdevon,"-",Famennium,"-","-","-","-","-",2010/07/29,2020/08/04,2021/02/26,"446300",19048.2164663,6959904.18553
"221",alignment,1160,179.574544110743,251.800003051758,242.934265136719,8.86573791503906,"10","9100",dfaes-ev,Esneux-Formation bis Evieux-Formation (Condroz-Sandstein),Condroz-Gruppe,"-",Sst,Sandstein,"Sandstein; vereinzelt Kalkstein und Dolomitstein",Devon,Oberdevon,"-",Famennium,"-","-","-","-","-",2010/07/29,2020/08/04,2021/02/26,"446300",19048.2164663,6959904.18553
"222",alignment,1170,179.574544110743,251.5,242.495956420898,9.00404357910156,"10","9100",dfaes-ev,Esneux-Formation bis Evieux-Formation (Condroz-Sandstein),Condroz-Gruppe,"-",Sst,Sandstein,"Sandstein; vereinzelt Kalkstein und Dolomitstein",Devon,Oberdevon,"-",Famennium,"-","-","-","-","-",2010/07/29,2020/08/04,2021/02/26,"446300",19048.2164663,6959904.18553
"223",alignment,1180,179.574544110743,251.190002441406,242.057632446289,9.13236999511719,"10","9100",dfaes-ev,Esneux-Formation bis Evieux-Formation (Condroz-Sandstein),Condroz-Gruppe,"-",Sst,Sandstein,"Sandstein; vereinzelt Kalkstein und Dolomitstein",Devon,Oberdevon,"-",Famennium,"-","-","-","-","-",2010/07/29,2020/08/04,2021/02/26,"446300",19048.2164663,6959904.18553
"224",alignment,1190,179.574544110743,250.929992675781,241.587036132813,9.34295654296875,"10","9100",dfaes-ev,Esneux-Formation bis Evieux-Formation (Condroz-Sandstein),Condroz-Gruppe,"-",Sst,Sandstein,"Sandstein; vereinzelt Kalkstein und Dolomitstein",Devon,Oberdevon,"-",Famennium,"-","-","-","-","-",2010/07/29,2020/08/04,2021/02/26,"446300",19048.2164663,6959904.18553
"225",alignment,1200,179.574544110743,250.839996337891,241.148727416992,9.69126892089844,"10","9100",dfaes-ev,Esneux-Formation bis Evieux-Formation (Condroz-Sandstein),Condroz-Gruppe,"-",Sst,Sandstein,"Sandstein; vereinzelt Kalkstein und Dolomitstein",Devon,Oberdevon,"-",Famennium,"-","-","-","-","-",2010/07/29,2020/08/04,2021/02/26,"446300",19048.2164663,6959904.18553
"226",alignment,1210,179.574544110743,248.350006103516,240.710418701172,7.63958740234375,"10","9100",dfaes-ev,Esneux-Formation bis Evieux-Formation (Condroz-Sandstein),Condroz-Gruppe,"-",Sst,Sandstein,"Sandstein; vereinzelt Kalkstein und Dolomitstein",Devon,Oberdevon,"-",Famennium,"-","-","-","-","-",2010/07/29,2020/08/04,2021/02/26,"446300",19048.2164663,6959904.18553
"227",alignment,1220,179.574544110743,243.190002441406,240.272109985352,2.91789245605469,"10","9100",dfaes-ev,Esneux-Formation bis Evieux-Formation (Condroz-Sandstein),Condroz-Gruppe,"-",Sst,Sandstein,"Sandstein; vereinzelt Kalkstein und Dolomitstein",Devon,Oberdevon,"-",Famennium,"-","-","-","-","-",2010/07/29,2020/08/04,2021/02/26,"446300",19048.2164663,6959904.18553
"228",alignment,1230,179.574544110743,240.880004882813,238.17366027832,2.70634460449219,"10","9100",dfaes-ev,Esneux-Formation bis Evieux-Formation (Condroz-Sandstein),Condroz-Gruppe,"-",Sst,Sandstein,"Sandstein; vereinzelt Kalkstein und Dolomitstein",Devon,Oberdevon,"-",Famennium,"-","-","-","-","-",2010/07/29,2020/08/04,2021/02/26,"446300",19048.2164663,6959904.18553
"229",alignment,1240,179.574544110743,235.800003051758,234.510879516602,1.28912353515625,"10","9100",dfaes-ev,Esneux-Formation bis Evieux-Formation (Condroz-Sandstein),Condroz-Gruppe,"-",Sst,Sandstein,"Sandstein; vereinzelt Kalkstein und Dolomitstein",Devon,Oberdevon,"-",Famennium,"-","-","-","-","-",2010/07/29,2020/08/04,2021/02/26,"446300",19048.2164663,6959904.18553
"230",alignment,1250,179.574544110743,231.589996337891,232.103713989258,-0.513717651367188,"10","9100",dfaes-ev,Esneux-Formation bis Evieux-Formation (Condroz-Sandstein),Condroz-Gruppe,"-",Sst,Sandstein,"Sandstein; vereinzelt Kalkstein und Dolomitstein",Devon,Oberdevon,"-",Famennium,"-","-","-","-","-",2010/07/29,2020/08/04,2021/02/26,"446300",19048.2164663,6959904.18553
"231",alignment,1260,179.574544110743,230.830001831055,230,0.830001831054688,"10","9100",dfaes-ev,Esneux-Formation bis Evieux-Formation (Condroz-Sandstein),Condroz-Gruppe,"-",Sst,Sandstein,"Sandstein; vereinzelt Kalkstein und Dolomitstein",Devon,Oberdevon,"-",Famennium,"-","-","-","-","-",2010/07/29,2020/08/04,2021/02/26,"446300",19048.2164663,6959904.18553
"232",alignment,1270,179.574544110743,228.990005493164,230,-1.00999450683594,"10","9100",dfaes-ev,Esneux-Formation bis Evieux-Formation (Condroz-Sandstein),Condroz-Gruppe,"-",Sst,Sandstein,"Sandstein; vereinzelt Kalkstein und Dolomitstein",Devon,Oberdevon,"-",Famennium,"-","-","-","-","-",2010/07/29,2020/08/04,2021/02/26,"446300",19048.2164663,6959904.18553
"233",alignment,1280,179.574544110743,230.179992675781,230,0.17999267578125,"10","9100",dfaes-ev,Esneux-Formation bis Evieux-Formation (Condroz-Sandstein),Condroz-Gruppe,"-",Sst,Sandstein,"Sandstein; vereinzelt Kalkstein und Dolomitstein",Devon,Oberdevon,"-",Famennium,"-","-","-","-","-",2010/07/29,2020/08/04,2021/02/26,"446300",19048.2164663,6959904.18553
"234",alignment,1290,179.574544110743,229.929992675781,230,-0.07000732421875,"10","9100",dfaes-ev,Esneux-Formation bis Evieux-Formation (Condroz-Sandstein),Condroz-Gruppe,"-",Sst,Sandstein,"Sandstein; vereinzelt Kalkstein und Dolomitstein",Devon,Oberdevon,"-",Famennium,"-","-","-","-","-",2010/07/29,2020/08/04,2021/02/26,"446300",19048.2164663,6959904.18553
"235",alignment,1300,179.574544110743,229.970001220703,230,-0.029998779296875,"10","9100",dfaes-ev,Esneux-Formation bis Evieux-Formation (Condroz-Sandstein),Condroz-Gruppe,"-",Sst,Sandstein,"Sandstein; vereinzelt Kalkstein und Dolomitstein",Devon,Oberdevon,"-",Famennium,"-","-","-","-","-",2010/07/29,2020/08/04,2021/02/26,"446300",19048.2164663,6959904.18553
"236",alignment,1310,179.574544110743,230.210006713867,230,0.210006713867188,"10","9100",dfaes-ev,Esneux-Formation bis Evieux-Formation (Condroz-Sandstein),Condroz-Gruppe,"-",Sst,Sandstein,"Sandstein; vereinzelt Kalkstein und Dolomitstein",Devon,Oberdevon,"-",Famennium,"-","-","-","-","-",2010/07/29,2020/08/04,2021/02/26,"446300",19048.2164663,6959904.18553
"237",alignment,1320,179.574544110743,230.320007324219,230,0.32000732421875,"10","9100",dfaes-ev,Esneux-Formation bis Evieux-Formation (Condroz-Sandstein),Condroz-Gruppe,"-",Sst,Sandstein,"Sandstein; vereinzelt Kalkstein und Dolomitstein",Devon,Oberdevon,"-",Famennium,"-","-","-","-","-",2010/07/29,2020/08/04,2021/02/26,"446300",19048.2164663,6959904.18553
"238",alignment,1330,179.574544110743,230.350006103516,230,0.350006103515625,"10","9100",dfaes-ev,Esneux-Formation bis Evieux-Formation (Condroz-Sandstein),Condroz-Gruppe,"-",Sst,Sandstein,"Sandstein; vereinzelt Kalkstein und Dolomitstein",Devon,Oberdevon,"-",Famennium,"-","-","-","-","-",2010/07/29,2020/08/04,2021/02/26,"446300",19048.2164663,6959904.18553
"239",alignment,1340,179.574544110743,231.460006713867,230,1.46000671386719,"10","9100",dfaes-ev,Esneux-Formation bis Evieux-Formation (Condroz-Sandstein),Condroz-Gruppe,"-",Sst,Sandstein,"Sandstein; vereinzelt Kalkstein und Dolomitstein",Devon,Oberdevon,"-",Famennium,"-","-","-","-","-",2010/07/29,2020/08/04,2021/02/26,"446300",19048.2164663,6959904.18553
"240",alignment,1350,179.574544110743,232.960006713867,230,2.96000671386719,"10","9100",dfaes-ev,Esneux-Formation bis Evieux-Formation (Condroz-Sandstein),Condroz-Gruppe,"-",Sst,Sandstein,"Sandstein; vereinzelt Kalkstein und Dolomitstein",Devon,Oberdevon,"-",Famennium,"-","-","-","-","-",2010/07/29,2020/08/04,2021/02/26,"446300",19048.2164663,6959904.18553
"241",alignment,1360,179.574544110743,234.720001220703,230,4.72000122070313,"10","9100",dfaes-ev,Esneux-Formation bis Evieux-Formation (Condroz-Sandstein),Condroz-Gruppe,"-",Sst,Sandstein,"Sandstein; vereinzelt Kalkstein und Dolomitstein",Devon,Oberdevon,"-",Famennium,"-","-","-","-","-",2010/07/29,2020/08/04,2021/02/26,"446300",19048.2164663,6959904.18553
"242",alignment,1370,179.574544110743,236.690002441406,229.958435058594,6.7315673828125,"10","9100",dfaes-ev,Esneux-Formation bis Evieux-Formation (Condroz-Sandstein),Condroz-Gruppe,"-",Sst,Sandstein,"Sandstein; vereinzelt Kalkstein und Dolomitstein",Devon,Oberdevon,"-",Famennium,"-","-","-","-","-",2010/07/29,2020/08/04,2021/02/26,"446300",19048.2164663,6959904.18553
"243",alignment,1380,179.574544110743,238.759994506836,229.873947143555,8.88604736328125,"10","9100",dfaes-ev,Esneux-Formation bis Evieux-Formation (Condroz-Sandstein),Condroz-Gruppe,"-",Sst,Sandstein,"Sandstein; vereinzelt Kalkstein und Dolomitstein",Devon,Oberdevon,"-",Famennium,"-","-","-","-","-",2010/07/29,2020/08/04,2021/02/26,"446300",19048.2164663,6959904.18553
"244",alignment,1390,179.574544110743,240.720001220703,229.789443969727,10.9305572509766,"10","9100",dfaes-ev,Esneux-Formation bis Evieux-Formation (Condroz-Sandstein),Condroz-Gruppe,"-",Sst,Sandstein,"Sandstein; vereinzelt Kalkstein und Dolomitstein",Devon,Oberdevon,"-",Famennium,"-","-","-","-","-",2010/07/29,2020/08/04,2021/02/26,"446300",19048.2164663,6959904.18553
"245",alignment,1400,179.574544110743,242.589996337891,229.704940795898,12.8850555419922,"10","9100",dfaes-ev,Esneux-Formation bis Evieux-Formation (Condroz-Sandstein),Condroz-Gruppe,"-",Sst,Sandstein,"Sandstein; vereinzelt Kalkstein und Dolomitstein",Devon,Oberdevon,"-",Famennium,"-","-","-","-","-",2010/07/29,2020/08/04,2021/02/26,"446300",19048.2164663,6959904.18553
"246",alignment,1410,179.574544110743,244.850006103516,229.62043762207,15.2295684814453,"10","9100",dfaes-ev,Esneux-Formation bis Evieux-Formation (Condroz-Sandstein),Condroz-Gruppe,"-",Sst,Sandstein,"Sandstein; vereinzelt Kalkstein und Dolomitstein",Devon,Oberdevon,"-",Famennium,"-","-","-","-","-",2010/07/29,2020/08/04,2021/02/26,"446300",19048.2164663,6959904.18553
"247",alignment,1420,179.574544110743,246.630004882813,229.535934448242,17.0940704345703,"10","9100",dfaes-ev,Esneux-Formation bis Evieux-Formation (Condroz-Sandstein),Condroz-Gruppe,"-",Sst,Sandstein,"Sandstein; vereinzelt Kalkstein und Dolomitstein",Devon,Oberdevon,"-",Famennium,"-","-","-","-","-",2010/07/29,2020/08/04,2021/02/26,"446300",19048.2164663,6959904.18553
"248",alignment,1430,179.574544110743,247.100006103516,229.451431274414,17.6485748291016,"10","9100",dfaes-ev,Esneux-Formation bis Evieux-Formation (Condroz-Sandstein),Condroz-Gruppe,"-",Sst,Sandstein,"Sandstein; vereinzelt Kalkstein und Dolomitstein",Devon,Oberdevon,"-",Famennium,"-","-","-","-","-",2010/07/29,2020/08/04,2021/02/26,"446300",19048.2164663,6959904.18553
"249",alignment,1440,179.574544110743,248.490005493164,229.366928100586,19.1230773925781,"10","9100",dfaes-ev,Esneux-Formation bis Evieux-Formation (Condroz-Sandstein),Condroz-Gruppe,"-",Sst,Sandstein,"Sandstein; vereinzelt Kalkstein und Dolomitstein",Devon,Oberdevon,"-",Famennium,"-","-","-","-","-",2010/07/29,2020/08/04,2021/02/26,"446300",19048.2164663,6959904.18553
"250",alignment,1450,179.574544110743,250.800003051758,229.304534912109,21.4954681396484,"10","9100",dfaes-ev,Esneux-Formation bis Evieux-Formation (Condroz-Sandstein),Condroz-Gruppe,"-",Sst,Sandstein,"Sandstein; vereinzelt Kalkstein und Dolomitstein",Devon,Oberdevon,"-",Famennium,"-","-","-","-","-",2010/07/29,2020/08/04,2021/02/26,"446300",19048.2164663,6959904.18553
"251",alignment,1460,179.574544110743,252.089996337891,229.253112792969,22.8368835449219,"10","9100",dfaes-ev,Esneux-Formation bis Evieux-Formation (Condroz-Sandstein),Condroz-Gruppe,"-",Sst,Sandstein,"Sandstein; vereinzelt Kalkstein und Dolomitstein",Devon,Oberdevon,"-",Famennium,"-","-","-","-","-",2010/07/29,2020/08/04,2021/02/26,"446300",19048.2164663,6959904.18553
"252",alignment,1470,179.574544110743,252.330001831055,229.568115234375,22.7618865966797,"10","9100",dfaes-ev,Esneux-Formation bis Evieux-Formation (Condroz-Sandstein),Condroz-Gruppe,"-",Sst,Sandstein,"Sandstein; vereinzelt Kalkstein und Dolomitstein",Devon,Oberdevon,"-",Famennium,"-","-","-","-","-",2010/07/29,2020/08/04,2021/02/26,"446300",19048.2164663,6959904.18553
"253",alignment,1480,179.574544110743,253.270004272461,229.981063842773,23.2889404296875,"10","9100",dfaes-ev,Esneux-Formation bis Evieux-Formation (Condroz-Sandstein),Condroz-Gruppe,"-",Sst,Sandstein,"Sandstein; vereinzelt Kalkstein und Dolomitstein",Devon,Oberdevon,"-",Famennium,"-","-","-","-","-",2010/07/29,2020/08/04,2021/02/26,"446300",19048.2164663,6959904.18553
"254",alignment,1490,179.574544110743,254.570007324219,230.39404296875,24.1759643554688,"10","9100",dfaes-ev,Esneux-Formation bis Evieux-Formation (Condroz-Sandstein),Condroz-Gruppe,"-",Sst,Sandstein,"Sandstein; vereinzelt Kalkstein und Dolomitstein",Devon,Oberdevon,"-",Famennium,"-","-","-","-","-",2010/07/29,2020/08/04,2021/02/26,"446300",19048.2164663,6959904.18553
"255",alignment,1500,179.574544110743,255.660003662109,230.807006835938,24.8529968261719,"10","9100",dfaes-ev,Esneux-Formation bis Evieux-Formation (Condroz-Sandstein),Condroz-Gruppe,"-",Sst,Sandstein,"Sandstein; vereinzelt Kalkstein und Dolomitstein",Devon,Oberdevon,"-",Famennium,"-","-","-","-","-",2010/07/29,2020/08/04,2021/02/26,"446300",19048.2164663,6959904.18553
"256",alignment,1510,179.574544110743,256.200012207031,231.219970703125,24.9800415039063,"10","9100",dfaes-ev,Esneux-Formation bis Evieux-Formation (Condroz-Sandstein),Condroz-Gruppe,"-",Sst,Sandstein,"Sandstein; vereinzelt Kalkstein und Dolomitstein",Devon,Oberdevon,"-",Famennium,"-","-","-","-","-",2010/07/29,2020/08/04,2021/02/26,"446300",19048.2164663,6959904.18553
"257",alignment,1520,179.574544110743,256.380004882813,231.632934570313,24.7470703125,"10","9100",dfaes-ev,Esneux-Formation bis Evieux-Formation (Condroz-Sandstein),Condroz-Gruppe,"-",Sst,Sandstein,"Sandstein; vereinzelt Kalkstein und Dolomitstein",Devon,Oberdevon,"-",Famennium,"-","-","-","-","-",2010/07/29,2020/08/04,2021/02/26,"446300",19048.2164663,6959904.18553
"258",alignment,1530,179.574544110743,256.429992675781,232.0458984375,24.3840942382813,"10","9100",dfaes-ev,Esneux-Formation bis Evieux-Formation (Condroz-Sandstein),Condroz-Gruppe,"-",Sst,Sandstein,"Sandstein; vereinzelt Kalkstein und Dolomitstein",Devon,Oberdevon,"-",Famennium,"-","-","-","-","-",2010/07/29,2020/08/04,2021/02/26,"446300",19048.2164663,6959904.18553
"259",alignment,1540,179.574544110743,256.339996337891,232.458862304688,23.8811340332031,"10","9100",dfaes-ev,Esneux-Formation bis Evieux-Formation (Condroz-Sandstein),Condroz-Gruppe,"-",Sst,Sandstein,"Sandstein; vereinzelt Kalkstein und Dolomitstein",Devon,Oberdevon,"-",Famennium,"-","-","-","-","-",2010/07/29,2020/08/04,2021/02/26,"446300",19048.2164663,6959904.18553
"260",alignment,1550,179.574544110743,256.329986572266,232.815216064453,23.5147705078125,"10","9100",dfaes-ev,Esneux-Formation bis Evieux-Formation (Condroz-Sandstein),Condroz-Gruppe,"-",Sst,Sandstein,"Sandstein; vereinzelt Kalkstein und Dolomitstein",Devon,Oberdevon,"-",Famennium,"-","-","-","-","-",2010/07/29,2020/08/04,2021/02/26,"446300",19048.2164663,6959904.18553
"261",alignment,1560,179.574544110743,256.429992675781,232.970962524414,23.4590301513672,"10","9100",dfaes-ev,Esneux-Formation bis Evieux-Formation (Condroz-Sandstein),Condroz-Gruppe,"-",Sst,Sandstein,"Sandstein; vereinzelt Kalkstein und Dolomitstein",Devon,Oberdevon,"-",Famennium,"-","-","-","-","-",2010/07/29,2020/08/04,2021/02/26,"446300",19048.2164663,6959904.18553
"262",alignment,1570,179.574544110743,256.609985351563,233.126708984375,23.4832763671875,"10","9100",dfaes-ev,Esneux-Formation bis Evieux-Formation (Condroz-Sandstein),Condroz-Gruppe,"-",Sst,Sandstein,"Sandstein; vereinzelt Kalkstein und Dolomitstein",Devon,Oberdevon,"-",Famennium,"-","-","-","-","-",2010/07/29,2020/08/04,2021/02/26,"446300",19048.2164663,6959904.18553
"263",alignment,1580,179.574544110743,257.619995117188,233.282455444336,24.3375396728516,"10","9100",dfaes-ev,Esneux-Formation bis Evieux-Formation (Condroz-Sandstein),Condroz-Gruppe,"-",Sst,Sandstein,"Sandstein; vereinzelt Kalkstein und Dolomitstein",Devon,Oberdevon,"-",Famennium,"-","-","-","-","-",2010/07/29,2020/08/04,2021/02/26,"446300",19048.2164663,6959904.18553
"264",alignment,1590,179.574544110743,258.059997558594,233.439865112305,24.6201324462891,"10","9100",dfaes-ev,Esneux-Formation bis Evieux-Formation (Condroz-Sandstein),Condroz-Gruppe,"-",Sst,Sandstein,"Sandstein; vereinzelt Kalkstein und Dolomitstein",Devon,Oberdevon,"-",Famennium,"-","-","-","-","-",2010/07/29,2020/08/04,2021/02/26,"446300",19048.2164663,6959904.18553
"265",alignment,1600,179.574544110743,258.679992675781,233.595611572266,25.0843811035156,"10","9100",dfaes-ev,Esneux-Formation bis Evieux-Formation (Condroz-Sandstein),Condroz-Gruppe,"-",Sst,Sandstein,"Sandstein; vereinzelt Kalkstein und Dolomitstein",Devon,Oberdevon,"-",Famennium,"-","-","-","-","-",2010/07/29,2020/08/04,2021/02/26,"446300",19048.2164663,6959904.18553
"266",alignment,1610,179.574544110743,258.980010986328,233.751358032227,25.2286529541016,"10","9100",dfaes-ev,Esneux-Formation bis Evieux-Formation (Condroz-Sandstein),Condroz-Gruppe,"-",Sst,Sandstein,"Sandstein; vereinzelt Kalkstein und Dolomitstein",Devon,Oberdevon,"-",Famennium,"-","-","-","-","-",2010/07/29,2020/08/04,2021/02/26,"446300",19048.2164663,6959904.18553
"267",alignment,1630,179.574544110743,259.200012207031,234.062850952148,25.1371612548828,"10","9100",dfaes-ev,Esneux-Formation bis Evieux-Formation (Condroz-Sandstein),Condroz-Gruppe,"-",Sst,Sandstein,"Sandstein; vereinzelt Kalkstein und Dolomitstein",Devon,Oberdevon,"-",Famennium,"-","-","-","-","-",2010/07/29,2020/08/04,2021/02/26,"446300",19048.2164663,6959904.18553
"268",alignment,1620,179.574544110743,259.649993896484,233.907104492188,25.7428894042969,"10","9100",dfaes-ev,Esneux-Formation bis Evieux-Formation (Condroz-Sandstein),Condroz-Gruppe,"-",Sst,Sandstein,"Sandstein; vereinzelt Kalkstein und Dolomitstein",Devon,Oberdevon,"-",Famennium,"-","-","-","-","-",2010/07/29,2020/08/04,2021/02/26,"446300",19048.2164663,6959904.18553
"269",alignment,1640,179.574544110743,259.399993896484,234.218597412109,25.181396484375,"10","9100",dfaes-ev,Esneux-Formation bis Evieux-Formation (Condroz-Sandstein),Condroz-Gruppe,"-",Sst,Sandstein,"Sandstein; vereinzelt Kalkstein und Dolomitstein",Devon,Oberdevon,"-",Famennium,"-","-","-","-","-",2010/07/29,2020/08/04,2021/02/26,"446300",19048.2164663,6959904.18553
"270",alignment,1650,179.574544110743,260.089996337891,234.37434387207,25.7156524658203,"10","9100",dfaes-ev,Esneux-Formation bis Evieux-Formation (Condroz-Sandstein),Condroz-Gruppe,"-",Sst,Sandstein,"Sandstein; vereinzelt Kalkstein und Dolomitstein",Devon,Oberdevon,"-",Famennium,"-","-","-","-","-",2010/07/29,2020/08/04,2021/02/26,"446300",19048.2164663,6959904.18553
"271",alignment,1660,179.574544110743,261.369995117188,234.53010559082,26.8398895263672,"10","9100",dfaes-ev,Esneux-Formation bis Evieux-Formation (Condroz-Sandstein),Condroz-Gruppe,"-",Sst,Sandstein,"Sandstein; vereinzelt Kalkstein und Dolomitstein",Devon,Oberdevon,"-",Famennium,"-","-","-","-","-",2010/07/29,2020/08/04,2021/02/26,"446300",19048.2164663,6959904.18553
"272",alignment,1670,179.574544110743,262.859985351563,234.685852050781,28.1741333007813,"10","9100",dfaes-ev,Esneux-Formation bis Evieux-Formation (Condroz-Sandstein),Condroz-Gruppe,"-",Sst,Sandstein,"Sandstein; vereinzelt Kalkstein und Dolomitstein",Devon,Oberdevon,"-",Famennium,"-","-","-","-","-",2010/07/29,2020/08/04,2021/02/26,"446300",19048.2164663,6959904.18553
"273",alignment,1680,179.574544110743,264.380004882813,234.841583251953,29.5384216308594,"10","9100",dfaes-ev,Esneux-Formation bis Evieux-Formation (Condroz-Sandstein),Condroz-Gruppe,"-",Sst,Sandstein,"Sandstein; vereinzelt Kalkstein und Dolomitstein",Devon,Oberdevon,"-",Famennium,"-","-","-","-","-",2010/07/29,2020/08/04,2021/02/26,"446300",19048.2164663,6959904.18553
"274",alignment,1690,179.574544110743,265.649993896484,234.997344970703,30.6526489257813,"10","9100",dfaes-ev,Esneux-Formation bis Evieux-Formation (Condroz-Sandstein),Condroz-Gruppe,"-",Sst,Sandstein,"Sandstein; vereinzelt Kalkstein und Dolomitstein",Devon,Oberdevon,"-",Famennium,"-","-","-","-","-",2010/07/29,2020/08/04,2021/02/26,"446300",19048.2164663,6959904.18553
"275",alignment,1700,179.574544110743,266.959991455078,235.153091430664,31.8069000244141,"10","9100",dfaes-ev,Esneux-Formation bis Evieux-Formation (Condroz-Sandstein),Condroz-Gruppe,"-",Sst,Sandstein,"Sandstein; vereinzelt Kalkstein und Dolomitstein",Devon,Oberdevon,"-",Famennium,"-","-","-","-","-",2010/07/29,2020/08/04,2021/02/26,"446300",19048.2164663,6959904.18553
"276",alignment,1710,179.574544110743,268.649993896484,235.308837890625,33.3411560058594,"10","9100",dfaes-ev,Esneux-Formation bis Evieux-Formation (Condroz-Sandstein),Condroz-Gruppe,"-",Sst,Sandstein,"Sandstein; vereinzelt Kalkstein und Dolomitstein",Devon,Oberdevon,"-",Famennium,"-","-","-","-","-",2010/07/29,2020/08/04,2021/02/26,"446300",19048.2164663,6959904.18553
"277",alignment,1720,179.574544110743,271.25,235.466247558594,35.7837524414063,"10","9100",dfaes-ev,Esneux-Formation bis Evieux-Formation (Condroz-Sandstein),Condroz-Gruppe,"-",Sst,Sandstein,"Sandstein; vereinzelt Kalkstein und Dolomitstein",Devon,Oberdevon,"-",Famennium,"-","-","-","-","-",2010/07/29,2020/08/04,2021/02/26,"446300",19048.2164663,6959904.18553
"278",alignment,1730,179.574544110743,273.119995117188,235.621994018555,37.4980010986328,"10","9100",dfaes-ev,Esneux-Formation bis Evieux-Formation (Condroz-Sandstein),Condroz-Gruppe,"-",Sst,Sandstein,"Sandstein; vereinzelt Kalkstein und Dolomitstein",Devon,Oberdevon,"-",Famennium,"-","-","-","-","-",2010/07/29,2020/08/04,2021/02/26,"446300",19048.2164663,6959904.18553
"279",alignment,1740,179.574544110743,274.480010986328,235.777740478516,38.7022705078125,"10","9100",dfaes-ev,Esneux-Formation bis Evieux-Formation (Condroz-Sandstein),Condroz-Gruppe,"-",Sst,Sandstein,"Sandstein; vereinzelt Kalkstein und Dolomitstein",Devon,Oberdevon,"-",Famennium,"-","-","-","-","-",2010/07/29,2020/08/04,2021/02/26,"446300",19048.2164663,6959904.18553
"280",alignment,1750,179.574544110743,275.720001220703,235.933486938477,39.7865142822266,"10","9100",dfaes-ev,Esneux-Formation bis Evieux-Formation (Condroz-Sandstein),Condroz-Gruppe,"-",Sst,Sandstein,"Sandstein; vereinzelt Kalkstein und Dolomitstein",Devon,Oberdevon,"-",Famennium,"-","-","-","-","-",2010/07/29,2020/08/04,2021/02/26,"446300",19048.2164663,6959904.18553
"281",alignment,1760,179.574544110743,276.890014648438,236.089233398438,40.80078125,"10","9100",dfaes-ev,Esneux-Formation bis Evieux-Formation (Condroz-Sandstein),Condroz-Gruppe,"-",Sst,Sandstein,"Sandstein; vereinzelt Kalkstein und Dolomitstein",Devon,Oberdevon,"-",Famennium,"-","-","-","-","-",2010/07/29,2020/08/04,2021/02/26,"446300",19048.2164663,6959904.18553
"282",alignment,1770,179.574544110743,277.950012207031,236.244995117188,41.7050170898438,"10","9100",dfaes-ev,Esneux-Formation bis Evieux-Formation (Condroz-Sandstein),Condroz-Gruppe,"-",Sst,Sandstein,"Sandstein; vereinzelt Kalkstein und Dolomitstein",Devon,Oberdevon,"-",Famennium,"-","-","-","-","-",2010/07/29,2020/08/04,2021/02/26,"446300",19048.2164663,6959904.18553
"283",alignment,1780,179.574544110743,279,236.400726318359,42.5992736816406,"10","9100",dfaes-ev,Esneux-Formation bis Evieux-Formation (Condroz-Sandstein),Condroz-Gruppe,"-",Sst,Sandstein,"Sandstein; vereinzelt Kalkstein und Dolomitstein",Devon,Oberdevon,"-",Famennium,"-","-","-","-","-",2010/07/29,2020/08/04,2021/02/26,"446300",19048.2164663,6959904.18553
"284",alignment,1790,179.574544110743,279.859985351563,236.55647277832,43.3035125732422,"10","9100",dfaes-ev,Esneux-Formation bis Evieux-Formation (Condroz-Sandstein),Condroz-Gruppe,"-",Sst,Sandstein,"Sandstein; vereinzelt Kalkstein und Dolomitstein",Devon,Oberdevon,"-",Famennium,"-","-","-","-","-",2010/07/29,2020/08/04,2021/02/26,"446300",19048.2164663,6959904.18553
"285",alignment,1800,179.574544110743,280.299987792969,236.71223449707,43.5877532958984,"10","9100",dfaes-ev,Esneux-Formation bis Evieux-Formation (Condroz-Sandstein),Condroz-Gruppe,"-",Sst,Sandstein,"Sandstein; vereinzelt Kalkstein und Dolomitstein",Devon,Oberdevon,"-",Famennium,"-","-","-","-","-",2010/07/29,2020/08/04,2021/02/26,"446300",19048.2164663,6959904.18553
"286",alignment,1810,179.574544110743,280.529998779297,236.867980957031,43.6620178222656,"10","9100",dfaes-ev,Esneux-Formation bis Evieux-Formation (Condroz-Sandstein),Condroz-Gruppe,"-",Sst,Sandstein,"Sandstein; vereinzelt Kalkstein und Dolomitstein",Devon,Oberdevon,"-",Famennium,"-","-","-","-","-",2010/07/29,2020/08/04,2021/02/26,"446300",19048.2164663,6959904.18553
"287",alignment,1820,179.574544110743,280.760009765625,237.023727416992,43.7362823486328,"10","9100",dfaes-ev,Esneux-Formation bis Evieux-Formation (Condroz-Sandstein),Condroz-Gruppe,"-",Sst,Sandstein,"Sandstein; vereinzelt Kalkstein und Dolomitstein",Devon,Oberdevon,"-",Famennium,"-","-","-","-","-",2010/07/29,2020/08/04,2021/02/26,"446300",19048.2164663,6959904.18553
"288",alignment,1830,179.574544110743,281.109985351563,237.179473876953,43.9305114746094,"10","9100",dfaes-ev,Esneux-Formation bis Evieux-Formation (Condroz-Sandstein),Condroz-Gruppe,"-",Sst,Sandstein,"Sandstein; vereinzelt Kalkstein und Dolomitstein",Devon,Oberdevon,"-",Famennium,"-","-","-","-","-",2010/07/29,2020/08/04,2021/02/26,"446300",19048.2164663,6959904.18553
"289",alignment,1840,179.574544110743,281.549987792969,237.335220336914,44.2147674560547,"10","9100",dfaes-ev,Esneux-Formation bis Evieux-Formation (Condroz-Sandstein),Condroz-Gruppe,"-",Sst,Sandstein,"Sandstein; vereinzelt Kalkstein und Dolomitstein",Devon,Oberdevon,"-",Famennium,"-","-","-","-","-",2010/07/29,2020/08/04,2021/02/26,"446300",19048.2164663,6959904.18553
"290",alignment,1850,179.574544110743,282.089996337891,237.490966796875,44.5990295410156,"10","9100",dfaes-ev,Esneux-Formation bis Evieux-Formation (Condroz-Sandstein),Condroz-Gruppe,"-",Sst,Sandstein,"Sandstein; vereinzelt Kalkstein und Dolomitstein",Devon,Oberdevon,"-",Famennium,"-","-","-","-","-",2010/07/29,2020/08/04,2021/02/26,"446300",19048.2164663,6959904.18553
"291",alignment,1860,179.574544110743,282.660003662109,237.648376464844,45.0116271972656,"10","9100",dfaes-ev,Esneux-Formation bis Evieux-Formation (Condroz-Sandstein),Condroz-Gruppe,"-",Sst,Sandstein,"Sandstein; vereinzelt Kalkstein und Dolomitstein",Devon,Oberdevon,"-",Famennium,"-","-","-","-","-",2010/07/29,2020/08/04,2021/02/26,"446300",19048.2164663,6959904.18553
"292",alignment,1870,179.574544110743,283.350006103516,237.804122924805,45.5458831787109,"10","9100",dfaes-ev,Esneux-Formation bis Evieux-Formation (Condroz-Sandstein),Condroz-Gruppe,"-",Sst,Sandstein,"Sandstein; vereinzelt Kalkstein und Dolomitstein",Devon,Oberdevon,"-",Famennium,"-","-","-","-","-",2010/07/29,2020/08/04,2021/02/26,"446300",19048.2164663,6959904.18553
"293",alignment,1880,179.574544110743,283.670013427734,237.959869384766,45.7101440429688,"10","9100",dfaes-ev,Esneux-Formation bis Evieux-Formation (Condroz-Sandstein),Condroz-Gruppe,"-",Sst,Sandstein,"Sandstein; vereinzelt Kalkstein und Dolomitstein",Devon,Oberdevon,"-",Famennium,"-","-","-","-","-",2010/07/29,2020/08/04,2021/02/26,"446300",19048.2164663,6959904.18553
"294",alignment,1890,179.574544110743,284.059997558594,238.115615844727,45.9443817138672,"10","9100",dfaes-ev,Esneux-Formation bis Evieux-Formation (Condroz-Sandstein),Condroz-Gruppe,"-",Sst,Sandstein,"Sandstein; vereinzelt Kalkstein und Dolomitstein",Devon,Oberdevon,"-",Famennium,"-","-","-","-","-",2010/07/29,2020/08/04,2021/02/26,"446300",19048.2164663,6959904.18553
"295",alignment,1900,179.574544110743,284.269989013672,238.271377563477,45.9986114501953,"10","9100",dfaes-ev,Esneux-Formation bis Evieux-Formation (Condroz-Sandstein),Condroz-Gruppe,"-",Sst,Sandstein,"Sandstein; vereinzelt Kalkstein und Dolomitstein",Devon,Oberdevon,"-",Famennium,"-","-","-","-","-",2010/07/29,2020/08/04,2021/02/26,"446300",19048.2164663,6959904.18553
"296",alignment,1910,179.574544110743,284.510009765625,238.427124023438,46.0828857421875,"10","9100",dfaes-ev,Esneux-Formation bis Evieux-Formation (Condroz-Sandstein),Condroz-Gruppe,"-",Sst,Sandstein,"Sandstein; vereinzelt Kalkstein und Dolomitstein",Devon,Oberdevon,"-",Famennium,"-","-","-","-","-",2010/07/29,2020/08/04,2021/02/26,"446300",19048.2164663,6959904.18553
"297",alignment,1920,179.574544110743,284.700012207031,238.582870483398,46.1171417236328,"10","9100",dfaes-ev,Esneux-Formation bis Evieux-Formation (Condroz-Sandstein),Condroz-Gruppe,"-",Sst,Sandstein,"Sandstein; vereinzelt Kalkstein und Dolomitstein",Devon,Oberdevon,"-",Famennium,"-","-","-","-","-",2010/07/29,2020/08/04,2021/02/26,"446300",19048.2164663,6959904.18553
"298",alignment,1930,179.574544110743,284.559997558594,238.738616943359,45.8213806152344,"10","9100",dfaes-ev,Esneux-Formation bis Evieux-Formation (Condroz-Sandstein),Condroz-Gruppe,"-",Sst,Sandstein,"Sandstein; vereinzelt Kalkstein und Dolomitstein",Devon,Oberdevon,"-",Famennium,"-","-","-","-","-",2010/07/29,2020/08/04,2021/02/26,"446300",19048.2164663,6959904.18553
"299",alignment,1940,179.574544110743,284.459991455078,238.89436340332,45.5656280517578,"10","9100",dfaes-ev,Esneux-Formation bis Evieux-Formation (Condroz-Sandstein),Condroz-Gruppe,"-",Sst,Sandstein,"Sandstein; vereinzelt Kalkstein und Dolomitstein",Devon,Oberdevon,"-",Famennium,"-","-","-","-","-",2010/07/29,2020/08/04,2021/02/26,"446300",19048.2164663,6959904.18553
"300",alignment,1950,179.574544110743,284.489990234375,239.050109863281,45.4398803710938,"10","9100",dfaes-ev,Esneux-Formation bis Evieux-Formation (Condroz-Sandstein),Condroz-Gruppe,"-",Sst,Sandstein,"Sandstein; vereinzelt Kalkstein und Dolomitstein",Devon,Oberdevon,"-",Famennium,"-","-","-","-","-",2010/07/29,2020/08/04,2021/02/26,"446300",19048.2164663,6959904.18553
"301",alignment,1960,179.574544110743,284.579986572266,239.205856323242,45.3741302490234,"10","9100",dfaes-ev,Esneux-Formation bis Evieux-Formation (Condroz-Sandstein),Condroz-Gruppe,"-",Sst,Sandstein,"Sandstein; vereinzelt Kalkstein und Dolomitstein",Devon,Oberdevon,"-",Famennium,"-","-","-","-","-",2010/07/29,2020/08/04,2021/02/26,"446300",19048.2164663,6959904.18553
"302",alignment,1970,179.574544110743,284.600006103516,239.361602783203,45.2384033203125,"10","9100",dfaes-ev,Esneux-Formation bis Evieux-Formation (Condroz-Sandstein),Condroz-Gruppe,"-",Sst,Sandstein,"Sandstein; vereinzelt Kalkstein und Dolomitstein",Devon,Oberdevon,"-",Famennium,"-","-","-","-","-",2010/07/29,2020/08/04,2021/02/26,"446300",19048.2164663,6959904.18553
"303",alignment,1980,179.574544110743,284.75,239.517349243164,45.2326507568359,"10","9100",dfaes-ev,Esneux-Formation bis Evieux-Formation (Condroz-Sandstein),Condroz-Gruppe,"-",Sst,Sandstein,"Sandstein; vereinzelt Kalkstein und Dolomitstein",Devon,Oberdevon,"-",Famennium,"-","-","-","-","-",2010/07/29,2020/08/04,2021/02/26,"446300",19048.2164663,6959904.18553
"304",alignment,1990,179.574544110743,284.869995117188,239.674758911133,45.1952362060547,"10","9100",dfaes-ev,Esneux-Formation bis Evieux-Formation (Condroz-Sandstein),Condroz-Gruppe,"-",Sst,Sandstein,"Sandstein; vereinzelt Kalkstein und Dolomitstein",Devon,Oberdevon,"-",Famennium,"-","-","-","-","-",2010/07/29,2020/08/04,2021/02/26,"446300",19048.2164663,6959904.18553
"305",alignment,2000,179.574544110743,284.980010986328,239.830505371094,45.1495056152344,"10","9100",dfaes-ev,Esneux-Formation bis Evieux-Formation (Condroz-Sandstein),Condroz-Gruppe,"-",Sst,Sandstein,"Sandstein; vereinzelt Kalkstein und Dolomitstein",Devon,Oberdevon,"-",Famennium,"-","-","-","-","-",2010/07/29,2020/08/04,2021/02/26,"446300",19048.2164663,6959904.18553
"306",alignment,2010,179.574544110743,285.070007324219,239.986267089844,45.083740234375,"10","9100",dfaes-ev,Esneux-Formation bis Evieux-Formation (Condroz-Sandstein),Condroz-Gruppe,"-",Sst,Sandstein,"Sandstein; vereinzelt Kalkstein und Dolomitstein",Devon,Oberdevon,"-",Famennium,"-","-","-","-","-",2010/07/29,2020/08/04,2021/02/26,"446300",19048.2164663,6959904.18553
"307",alignment,2020,179.574544110743,285.190002441406,240.142013549805,45.0479888916016,"10","9100",dfaes-ev,Esneux-Formation bis Evieux-Formation (Condroz-Sandstein),Condroz-Gruppe,"-",Sst,Sandstein,"Sandstein; vereinzelt Kalkstein und Dolomitstein",Devon,Oberdevon,"-",Famennium,"-","-","-","-","-",2010/07/29,2020/08/04,2021/02/26,"446300",19048.2164663,6959904.18553
"308",alignment,2030,179.574544110743,285.269989013672,240.297744750977,44.9722442626953,"10","9100",dfaes-ev,Esneux-Formation bis Evieux-Formation (Condroz-Sandstein),Condroz-Gruppe,"-",Sst,Sandstein,"Sandstein; vereinzelt Kalkstein und Dolomitstein",Devon,Oberdevon,"-",Famennium,"-","-","-","-","-",2010/07/29,2020/08/04,2021/02/26,"446300",19048.2164663,6959904.18553
"309",alignment,2040,179.574544110743,285.369995117188,240.402191162109,44.9678039550781,"10","9100",dfaes-ev,Esneux-Formation bis Evieux-Formation (Condroz-Sandstein),Condroz-Gruppe,"-",Sst,Sandstein,"Sandstein; vereinzelt Kalkstein und Dolomitstein",Devon,Oberdevon,"-",Famennium,"-","-","-","-","-",2010/07/29,2020/08/04,2021/02/26,"446300",19048.2164663,6959904.18553
"310",alignment,2050,179.574544110743,285.429992675781,240.497497558594,44.9324951171875,"10","9100",dfaes-ev,Esneux-Formation bis Evieux-Formation (Condroz-Sandstein),Condroz-Gruppe,"-",Sst,Sandstein,"Sandstein; vereinzelt Kalkstein und Dolomitstein",Devon,Oberdevon,"-",Famennium,"-","-","-","-","-",2010/07/29,2020/08/04,2021/02/26,"446300",19048.2164663,6959904.18553
"311",alignment,2060,179.574544110743,285.390014648438,240.592803955078,44.7972106933594,"10","9100",dfaes-ev,Esneux-Formation bis Evieux-Formation (Condroz-Sandstein),Condroz-Gruppe,"-",Sst,Sandstein,"Sandstein; vereinzelt Kalkstein und Dolomitstein",Devon,Oberdevon,"-",Famennium,"-","-","-","-","-",2010/07/29,2020/08/04,2021/02/26,"446300",19048.2164663,6959904.18553
"312",alignment,2070,179.574544110743,285.429992675781,240.691009521484,44.7389831542969,"10","9100",dfaes-ev,Esneux-Formation bis Evieux-Formation (Condroz-Sandstein),Condroz-Gruppe,"-",Sst,Sandstein,"Sandstein; vereinzelt Kalkstein und Dolomitstein",Devon,Oberdevon,"-",Famennium,"-","-","-","-","-",2010/07/29,2020/08/04,2021/02/26,"446300",19048.2164663,6959904.18553
"313",alignment,2080,179.574544110743,285.089996337891,240.796295166016,44.293701171875,"10","9100",dfaes-ev,Esneux-Formation bis Evieux-Formation (Condroz-Sandstein),Condroz-Gruppe,"-",Sst,Sandstein,"Sandstein; vereinzelt Kalkstein und Dolomitstein",Devon,Oberdevon,"-",Famennium,"-","-","-","-","-",2010/07/29,2020/08/04,2021/02/26,"446300",19048.2164663,6959904.18553
"314",alignment,2090,179.574544110743,284.649993896484,240.901596069336,43.7483978271484,"10","9100",dfaes-ev,Esneux-Formation bis Evieux-Formation (Condroz-Sandstein),Condroz-Gruppe,"-",Sst,Sandstein,"Sandstein; vereinzelt Kalkstein und Dolomitstein",Devon,Oberdevon,"-",Famennium,"-","-","-","-","-",2010/07/29,2020/08/04,2021/02/26,"446300",19048.2164663,6959904.18553
"315",alignment,2100,179.574544110743,284.299987792969,241.006881713867,43.2931060791016,"10","9100",dfaes-ev,Esneux-Formation bis Evieux-Formation (Condroz-Sandstein),Condroz-Gruppe,"-",Sst,Sandstein,"Sandstein; vereinzelt Kalkstein und Dolomitstein",Devon,Oberdevon,"-",Famennium,"-","-","-","-","-",2010/07/29,2020/08/04,2021/02/26,"446300",19048.2164663,6959904.18553
"316",alignment,2110,179.574544110743,284.079986572266,241.118057250977,42.9619293212891,"10","9100",dfaes-ev,Esneux-Formation bis Evieux-Formation (Condroz-Sandstein),Condroz-Gruppe,"-",Sst,Sandstein,"Sandstein; vereinzelt Kalkstein und Dolomitstein",Devon,Oberdevon,"-",Famennium,"-","-","-","-","-",2010/07/29,2020/08/04,2021/02/26,"446300",19048.2164663,6959904.18553
"317",alignment,2120,179.574544110743,283.959991455078,241.233367919922,42.7266235351563,"10","9100",dfaes-ev,Esneux-Formation bis Evieux-Formation (Condroz-Sandstein),Condroz-Gruppe,"-",Sst,Sandstein,"Sandstein; vereinzelt Kalkstein und Dolomitstein",Devon,Oberdevon,"-",Famennium,"-","-","-","-","-",2010/07/29,2020/08/04,2021/02/26,"446300",19048.2164663,6959904.18553
"318",alignment,2130,179.574544110743,283.649993896484,241.360305786133,42.2896881103516,"10","9100",dfaes-ev,Esneux-Formation bis Evieux-Formation (Condroz-Sandstein),Condroz-Gruppe,"-",Sst,Sandstein,"Sandstein; vereinzelt Kalkstein und Dolomitstein",Devon,Oberdevon,"-",Famennium,"-","-","-","-","-",2010/07/29,2020/08/04,2021/02/26,"446300",19048.2164663,6959904.18553
"319",alignment,2140,179.574544110743,283.380004882813,241.475616455078,41.9043884277344,"10","9100",dfaes-ev,Esneux-Formation bis Evieux-Formation (Condroz-Sandstein),Condroz-Gruppe,"-",Sst,Sandstein,"Sandstein; vereinzelt Kalkstein und Dolomitstein",Devon,Oberdevon,"-",Famennium,"-","-","-","-","-",2010/07/29,2020/08/04,2021/02/26,"446300",19048.2164663,6959904.18553
"320",alignment,2150,179.574544110743,283.100006103516,241.590835571289,41.5091705322266,"10","9100",dfaes-ev,Esneux-Formation bis Evieux-Formation (Condroz-Sandstein),Condroz-Gruppe,"-",Sst,Sandstein,"Sandstein; vereinzelt Kalkstein und Dolomitstein",Devon,Oberdevon,"-",Famennium,"-","-","-","-","-",2010/07/29,2020/08/04,2021/02/26,"446300",19048.2164663,6959904.18553
"321",alignment,2160,179.574544110743,282.880004882813,241.705505371094,41.1744995117188,"10","9100",dfaes-ev,Esneux-Formation bis Evieux-Formation (Condroz-Sandstein),Condroz-Gruppe,"-",Sst,Sandstein,"Sandstein; vereinzelt Kalkstein und Dolomitstein",Devon,Oberdevon,"-",Famennium,"-","-","-","-","-",2010/07/29,2020/08/04,2021/02/26,"446300",19048.2164663,6959904.18553
"322",alignment,2170,179.574544110743,282.589996337891,241.825057983398,40.7649383544922,"10","9100",dfaes-ev,Esneux-Formation bis Evieux-Formation (Condroz-Sandstein),Condroz-Gruppe,"-",Sst,Sandstein,"Sandstein; vereinzelt Kalkstein und Dolomitstein",Devon,Oberdevon,"-",Famennium,"-","-","-","-","-",2010/07/29,2020/08/04,2021/02/26,"446300",19048.2164663,6959904.18553
"323",alignment,2180,179.574544110743,282.489990234375,241.951705932617,40.5382843017578,"10","9100",dfaes-ev,Esneux-Formation bis Evieux-Formation (Condroz-Sandstein),Condroz-Gruppe,"-",Sst,Sandstein,"Sandstein; vereinzelt Kalkstein und Dolomitstein",Devon,Oberdevon,"-",Famennium,"-","-","-","-","-",2010/07/29,2020/08/04,2021/02/26,"446300",19048.2164663,6959904.18553
"324",alignment,2190,179.574544110743,282.540008544922,242.084045410156,40.4559631347656,"10","9100",dfaes-ev,Esneux-Formation bis Evieux-Formation (Condroz-Sandstein),Condroz-Gruppe,"-",Sst,Sandstein,"Sandstein; vereinzelt Kalkstein und Dolomitstein",Devon,Oberdevon,"-",Famennium,"-","-","-","-","-",2010/07/29,2020/08/04,2021/02/26,"446300",19048.2164663,6959904.18553
"325",alignment,2200,179.574544110743,282.739990234375,242.216384887695,40.5236053466797,"10","9100",dfaes-ev,Esneux-Formation bis Evieux-Formation (Condroz-Sandstein),Condroz-Gruppe,"-",Sst,Sandstein,"Sandstein; vereinzelt Kalkstein und Dolomitstein",Devon,Oberdevon,"-",Famennium,"-","-","-","-","-",2010/07/29,2020/08/04,2021/02/26,"446300",19048.2164663,6959904.18553
"326",alignment,2210,179.574544110743,282.920013427734,242.348724365234,40.5712890625,"10","9100",dfaes-ev,Esneux-Formation bis Evieux-Formation (Condroz-Sandstein),Condroz-Gruppe,"-",Sst,Sandstein,"Sandstein; vereinzelt Kalkstein und Dolomitstein",Devon,Oberdevon,"-",Famennium,"-","-","-","-","-",2010/07/29,2020/08/04,2021/02/26,"446300",19048.2164663,6959904.18553
"327",alignment,2220,179.574544110743,283.089996337891,242.481063842773,40.6089324951172,"10","9100",dfaes-ev,Esneux-Formation bis Evieux-Formation (Condroz-Sandstein),Condroz-Gruppe,"-",Sst,Sandstein,"Sandstein; vereinzelt Kalkstein und Dolomitstein",Devon,Oberdevon,"-",Famennium,"-","-","-","-","-",2010/07/29,2020/08/04,2021/02/26,"446300",19048.2164663,6959904.18553
"328",alignment,2230,179.574544110743,283.549987792969,242.613403320313,40.9365844726563,"10","9100",dfaes-ev,Esneux-Formation bis Evieux-Formation (Condroz-Sandstein),Condroz-Gruppe,"-",Sst,Sandstein,"Sandstein; vereinzelt Kalkstein und Dolomitstein",Devon,Oberdevon,"-",Famennium,"-","-","-","-","-",2010/07/29,2020/08/04,2021/02/26,"446300",19048.2164663,6959904.18553
"329",alignment,2240,179.574544110743,284.010009765625,242.745742797852,41.2642669677734,"10","9100",dfaes-ev,Esneux-Formation bis Evieux-Formation (Condroz-Sandstein),Condroz-Gruppe,"-",Sst,Sandstein,"Sandstein; vereinzelt Kalkstein und Dolomitstein",Devon,Oberdevon,"-",Famennium,"-","-","-","-","-",2010/07/29,2020/08/04,2021/02/26,"446300",19048.2164663,6959904.18553
"330",alignment,2250,179.574544110743,284.779998779297,242.878082275391,41.9019165039063,"10","9100",dfaes-ev,Esneux-Formation bis Evieux-Formation (Condroz-Sandstein),Condroz-Gruppe,"-",Sst,Sandstein,"Sandstein; vereinzelt Kalkstein und Dolomitstein",Devon,Oberdevon,"-",Famennium,"-","-","-","-","-",2010/07/29,2020/08/04,2021/02/26,"446300",19048.2164663,6959904.18553
"331",alignment,2260,179.574544110743,285.040008544922,243.15478515625,41.8852233886719,"10","9100",dfaes-ev,Esneux-Formation bis Evieux-Formation (Condroz-Sandstein),Condroz-Gruppe,"-",Sst,Sandstein,"Sandstein; vereinzelt Kalkstein und Dolomitstein",Devon,Oberdevon,"-",Famennium,"-","-","-","-","-",2010/07/29,2020/08/04,2021/02/26,"446300",19048.2164663,6959904.18553
"332",alignment,2270,179.574544110743,285.600006103516,243.565155029297,42.0348510742188,"10","9100",dfaes-ev,Esneux-Formation bis Evieux-Formation (Condroz-Sandstein),Condroz-Gruppe,"-",Sst,Sandstein,"Sandstein; vereinzelt Kalkstein und Dolomitstein",Devon,Oberdevon,"-",Famennium,"-","-","-","-","-",2010/07/29,2020/08/04,2021/02/26,"446300",19048.2164663,6959904.18553
"333",alignment,2280,179.574544110743,285.859985351563,243.975509643555,41.8844757080078,"10","9100",dfaes-ev,Esneux-Formation bis Evieux-Formation (Condroz-Sandstein),Condroz-Gruppe,"-",Sst,Sandstein,"Sandstein; vereinzelt Kalkstein und Dolomitstein",Devon,Oberdevon,"-",Famennium,"-","-","-","-","-",2010/07/29,2020/08/04,2021/02/26,"446300",19048.2164663,6959904.18553
"334",alignment,2290,179.574544110743,286.600006103516,244.385864257813,42.2141418457031,"10","9100",dfaes-ev,Esneux-Formation bis Evieux-Formation (Condroz-Sandstein),Condroz-Gruppe,"-",Sst,Sandstein,"Sandstein; vereinzelt Kalkstein und Dolomitstein",Devon,Oberdevon,"-",Famennium,"-","-","-","-","-",2010/07/29,2020/08/04,2021/02/26,"446300",19048.2164663,6959904.18553
"335",alignment,2300,179.574544110743,286.660003662109,244.79621887207,41.8637847900391,"10","9100",dfaes-ev,Esneux-Formation bis Evieux-Formation (Condroz-Sandstein),Condroz-Gruppe,"-",Sst,Sandstein,"Sandstein; vereinzelt Kalkstein und Dolomitstein",Devon,Oberdevon,"-",Famennium,"-","-","-","-","-",2010/07/29,2020/08/04,2021/02/26,"446300",19048.2164663,6959904.18553
"336",alignment,2310,179.574544110743,286.769989013672,245.206573486328,41.5634155273438,"10","9100",dfaes-ev,Esneux-Formation bis Evieux-Formation (Condroz-Sandstein),Condroz-Gruppe,"-",Sst,Sandstein,"Sandstein; vereinzelt Kalkstein und Dolomitstein",Devon,Oberdevon,"-",Famennium,"-","-","-","-","-",2010/07/29,2020/08/04,2021/02/26,"446300",19048.2164663,6959904.18553
"337",alignment,2320,179.574544110743,286.799987792969,245.616943359375,41.1830444335938,"10","9100",dfaes-ev,Esneux-Formation bis Evieux-Formation (Condroz-Sandstein),Condroz-Gruppe,"-",Sst,Sandstein,"Sandstein; vereinzelt Kalkstein und Dolomitstein",Devon,Oberdevon,"-",Famennium,"-","-","-","-","-",2010/07/29,2020/08/04,2021/02/26,"446300",19048.2164663,6959904.18553
"338",alignment,2330,179.574544110743,286.859985351563,245.845962524414,41.0140228271484,"10","9100",dfaes-ev,Esneux-Formation bis Evieux-Formation (Condroz-Sandstein),Condroz-Gruppe,"-",Sst,Sandstein,"Sandstein; vereinzelt Kalkstein und Dolomitstein",Devon,Oberdevon,"-",Famennium,"-","-","-","-","-",2010/07/29,2020/08/04,2021/02/26,"446300",19048.2164663,6959904.18553
"339",alignment,2340,179.574544110743,286.899993896484,246.014572143555,40.8854217529297,"10","9100",dfaes-ev,Esneux-Formation bis Evieux-Formation (Condroz-Sandstein),Condroz-Gruppe,"-",Sst,Sandstein,"Sandstein; vereinzelt Kalkstein und Dolomitstein",Devon,Oberdevon,"-",Famennium,"-","-","-","-","-",2010/07/29,2020/08/04,2021/02/26,"446300",19048.2164663,6959904.18553
"340",alignment,2350,179.574544110743,287.309997558594,246.183166503906,41.1268310546875,"10","9100",dfaes-ev,Esneux-Formation bis Evieux-Formation (Condroz-Sandstein),Condroz-Gruppe,"-",Sst,Sandstein,"Sandstein; vereinzelt Kalkstein und Dolomitstein",Devon,Oberdevon,"-",Famennium,"-","-","-","-","-",2010/07/29,2020/08/04,2021/02/26,"446300",19048.2164663,6959904.18553
"341",alignment,2360,179.574544110743,287.380004882813,246.351776123047,41.0282287597656,"10","9100",dfaes-ev,Esneux-Formation bis Evieux-Formation (Condroz-Sandstein),Condroz-Gruppe,"-",Sst,Sandstein,"Sandstein; vereinzelt Kalkstein und Dolomitstein",Devon,Oberdevon,"-",Famennium,"-","-","-","-","-",2010/07/29,2020/08/04,2021/02/26,"446300",19048.2164663,6959904.18553
"342",alignment,2370,179.574544110743,287.540008544922,246.523666381836,41.0163421630859,"10","9100",dfaes-ev,Esneux-Formation bis Evieux-Formation (Condroz-Sandstein),Condroz-Gruppe,"-",Sst,Sandstein,"Sandstein; vereinzelt Kalkstein und Dolomitstein",Devon,Oberdevon,"-",Famennium,"-","-","-","-","-",2010/07/29,2020/08/04,2021/02/26,"446300",19048.2164663,6959904.18553
"343",alignment,2380,179.574544110743,287.739990234375,246.696731567383,41.0432586669922,"10","9100",dfaes-ev,Esneux-Formation bis Evieux-Formation (Condroz-Sandstein),Condroz-Gruppe,"-",Sst,Sandstein,"Sandstein; vereinzelt Kalkstein und Dolomitstein",Devon,Oberdevon,"-",Famennium,"-","-","-","-","-",2010/07/29,2020/08/04,2021/02/26,"446300",19048.2164663,6959904.18553
"344",alignment,2390,179.574544110743,288.070007324219,246.86979675293,41.2002105712891,"10","9100",dfaes-ev,Esneux-Formation bis Evieux-Formation (Condroz-Sandstein),Condroz-Gruppe,"-",Sst,Sandstein,"Sandstein; vereinzelt Kalkstein und Dolomitstein",Devon,Oberdevon,"-",Famennium,"-","-","-","-","-",2010/07/29,2020/08/04,2021/02/26,"446300",19048.2164663,6959904.18553
"345",alignment,2400,179.574544110743,288.149993896484,247.049728393555,41.1002655029297,"10","9100",dfaes-ev,Esneux-Formation bis Evieux-Formation (Condroz-Sandstein),Condroz-Gruppe,"-",Sst,Sandstein,"Sandstein; vereinzelt Kalkstein und Dolomitstein",Devon,Oberdevon,"-",Famennium,"-","-","-","-","-",2010/07/29,2020/08/04,2021/02/26,"446300",19048.2164663,6959904.18553
"346",alignment,2410,179.574544110743,288.130004882813,247.222793579102,40.9072113037109,"10","9100",dfaes-ev,Esneux-Formation bis Evieux-Formation (Condroz-Sandstein),Condroz-Gruppe,"-",Sst,Sandstein,"Sandstein; vereinzelt Kalkstein und Dolomitstein",Devon,Oberdevon,"-",Famennium,"-","-","-","-","-",2010/07/29,2020/08/04,2021/02/26,"446300",19048.2164663,6959904.18553
"347",alignment,2420,179.574544110743,287.170013427734,247.707824707031,39.4621887207031,"10","9100",dfaes-ev,Esneux-Formation bis Evieux-Formation (Condroz-Sandstein),Condroz-Gruppe,"-",Sst,Sandstein,"Sandstein; vereinzelt Kalkstein und Dolomitstein",Devon,Oberdevon,"-",Famennium,"-","-","-","-","-",2010/07/29,2020/08/04,2021/02/26,"446300",19048.2164663,6959904.18553
"348",alignment,2430,179.574544110743,287.690002441406,248.276443481445,39.4135589599609,"10","9100",dfaes-ev,Esneux-Formation bis Evieux-Formation (Condroz-Sandstein),Condroz-Gruppe,"-",Sst,Sandstein,"Sandstein; vereinzelt Kalkstein und Dolomitstein",Devon,Oberdevon,"-",Famennium,"-","-","-","-","-",2010/07/29,2020/08/04,2021/02/26,"446300",19048.2164663,6959904.18553
"349",alignment,2440,179.574544110743,289.799987792969,248.84504699707,40.9549407958984,"10","9100",dfaes-ev,Esneux-Formation bis Evieux-Formation (Condroz-Sandstein),Condroz-Gruppe,"-",Sst,Sandstein,"Sandstein; vereinzelt Kalkstein und Dolomitstein",Devon,Oberdevon,"-",Famennium,"-","-","-","-","-",2010/07/29,2020/08/04,2021/02/26,"446300",19048.2164663,6959904.18553
"350",alignment,2450,179.574544110743,290.149993896484,249.413650512695,40.7363433837891,"10","9100",dfaes-ev,Esneux-Formation bis Evieux-Formation (Condroz-Sandstein),Condroz-Gruppe,"-",Sst,Sandstein,"Sandstein; vereinzelt Kalkstein und Dolomitstein",Devon,Oberdevon,"-",Famennium,"-","-","-","-","-",2010/07/29,2020/08/04,2021/02/26,"446300",19048.2164663,6959904.18553
"351",alignment,2460,179.574544110743,290.959991455078,249.98225402832,40.9777374267578,"10","9100",dfaes-ev,Esneux-Formation bis Evieux-Formation (Condroz-Sandstein),Condroz-Gruppe,"-",Sst,Sandstein,"Sandstein; vereinzelt Kalkstein und Dolomitstein",Devon,Oberdevon,"-",Famennium,"-","-","-","-","-",2010/07/29,2020/08/04,2021/02/26,"446300",19048.2164663,6959904.18553
"352",alignment,2470,179.574544110743,291.600006103516,250.407836914063,41.1921691894531,"10","9100",dfaes-ev,Esneux-Formation bis Evieux-Formation (Condroz-Sandstein),Condroz-Gruppe,"-",Sst,Sandstein,"Sandstein; vereinzelt Kalkstein und Dolomitstein",Devon,Oberdevon,"-",Famennium,"-","-","-","-","-",2010/07/29,2020/08/04,2021/02/26,"446300",19048.2164663,6959904.18553
"353",alignment,2480,179.574544110743,292.309997558594,250.604400634766,41.7055969238281,"10","9100",dfaes-ev,Esneux-Formation bis Evieux-Formation (Condroz-Sandstein),Condroz-Gruppe,"-",Sst,Sandstein,"Sandstein; vereinzelt Kalkstein und Dolomitstein",Devon,Oberdevon,"-",Famennium,"-","-","-","-","-",2010/07/29,2020/08/04,2021/02/26,"446300",19048.2164663,6959904.18553
"354",alignment,2490,179.574544110743,292.820007324219,250.800979614258,42.0190277099609,"10","9100",dfaes-ev,Esneux-Formation bis Evieux-Formation (Condroz-Sandstein),Condroz-Gruppe,"-",Sst,Sandstein,"Sandstein; vereinzelt Kalkstein und Dolomitstein",Devon,Oberdevon,"-",Famennium,"-","-","-","-","-",2010/07/29,2020/08/04,2021/02/26,"446300",19048.2164663,6959904.18553
"355",alignment,2500,179.574544110743,291.089996337891,250.997543334961,40.0924530029297,"10","9100",dfaes-ev,Esneux-Formation bis Evieux-Formation (Condroz-Sandstein),Condroz-Gruppe,"-",Sst,Sandstein,"Sandstein; vereinzelt Kalkstein und Dolomitstein",Devon,Oberdevon,"-",Famennium,"-","-","-","-","-",2010/07/29,2020/08/04,2021/02/26,"446300",19048.2164663,6959904.18553
"356",alignment,2510,179.574544110743,291.339996337891,251.194122314453,40.1458740234375,"10","9100",dfaes-ev,Esneux-Formation bis Evieux-Formation (Condroz-Sandstein),Condroz-Gruppe,"-",Sst,Sandstein,"Sandstein; vereinzelt Kalkstein und Dolomitstein",Devon,Oberdevon,"-",Famennium,"-","-","-","-","-",2010/07/29,2020/08/04,2021/02/26,"446300",19048.2164663,6959904.18553
"357",alignment,2520,179.574544110743,291.410003662109,251.390701293945,40.0193023681641,"10","9100",dfaes-ev,Esneux-Formation bis Evieux-Formation (Condroz-Sandstein),Condroz-Gruppe,"-",Sst,Sandstein,"Sandstein; vereinzelt Kalkstein und Dolomitstein",Devon,Oberdevon,"-",Famennium,"-","-","-","-","-",2010/07/29,2020/08/04,2021/02/26,"446300",19048.2164663,6959904.18553
"358",alignment,2530,179.574544110743,291.299987792969,251.596252441406,39.7037353515625,"10","9100",dfaes-ev,Esneux-Formation bis Evieux-Formation (Condroz-Sandstein),Condroz-Gruppe,"-",Sst,Sandstein,"Sandstein; vereinzelt Kalkstein und Dolomitstein",Devon,Oberdevon,"-",Famennium,"-","-","-","-","-",2010/07/29,2020/08/04,2021/02/26,"446300",19048.2164663,6959904.18553
"359",alignment,2540,179.574544110743,294.519989013672,251.792816162109,42.7271728515625,"10","9100",dfaes-ev,Esneux-Formation bis Evieux-Formation (Condroz-Sandstein),Condroz-Gruppe,"-",Sst,Sandstein,"Sandstein; vereinzelt Kalkstein und Dolomitstein",Devon,Oberdevon,"-",Famennium,"-","-","-","-","-",2010/07/29,2020/08/04,2021/02/26,"446300",19048.2164663,6959904.18553
"360",alignment,2550,179.574544110743,294.869995117188,251.989395141602,42.8805999755859,"10","9100",dfaes-ev,Esneux-Formation bis Evieux-Formation (Condroz-Sandstein),Condroz-Gruppe,"-",Sst,Sandstein,"Sandstein; vereinzelt Kalkstein und Dolomitstein",Devon,Oberdevon,"-",Famennium,"-","-","-","-","-",2010/07/29,2020/08/04,2021/02/26,"446300",19048.2164663,6959904.18553
"361",alignment,2560,179.574544110743,294.920013427734,252.185974121094,42.7340393066406,"10","9100",dfaes-ev,Esneux-Formation bis Evieux-Formation (Condroz-Sandstein),Condroz-Gruppe,"-",Sst,Sandstein,"Sandstein; vereinzelt Kalkstein und Dolomitstein",Devon,Oberdevon,"-",Famennium,"-","-","-","-","-",2010/07/29,2020/08/04,2021/02/26,"446300",19048.2164663,6959904.18553
"362",alignment,2570,179.574544110743,295.010009765625,252.382537841797,42.6274719238281,"10","9100",dfaes-ev,Esneux-Formation bis Evieux-Formation (Condroz-Sandstein),Condroz-Gruppe,"-",Sst,Sandstein,"Sandstein; vereinzelt Kalkstein und Dolomitstein",Devon,Oberdevon,"-",Famennium,"-","-","-","-","-",2010/07/29,2020/08/04,2021/02/26,"446300",19048.2164663,6959904.18553
"363",alignment,2580,179.574544110743,294.760009765625,252.579116821289,42.1808929443359,"10","9100",dfaes-ev,Esneux-Formation bis Evieux-Formation (Condroz-Sandstein),Condroz-Gruppe,"-",Sst,Sandstein,"Sandstein; vereinzelt Kalkstein und Dolomitstein",Devon,Oberdevon,"-",Famennium,"-","-","-","-","-",2010/07/29,2020/08/04,2021/02/26,"446300",19048.2164663,6959904.18553
"364",alignment,2590,179.574544110743,294.459991455078,252.775695800781,41.6842956542969,"10","9100",dfaes-ev,Esneux-Formation bis Evieux-Formation (Condroz-Sandstein),Condroz-Gruppe,"-",Sst,Sandstein,"Sandstein; vereinzelt Kalkstein und Dolomitstein",Devon,Oberdevon,"-",Famennium,"-","-","-","-","-",2010/07/29,2020/08/04,2021/02/26,"446300",19048.2164663,6959904.18553
"365",alignment,2600,179.574544110743,294.149993896484,252.972274780273,41.1777191162109,"10","9100",dfaes-ev,Esneux-Formation bis Evieux-Formation (Condroz-Sandstein),Condroz-Gruppe,"-",Sst,Sandstein,"Sandstein; vereinzelt Kalkstein und Dolomitstein",Devon,Oberdevon,"-",Famennium,"-","-","-","-","-",2010/07/29,2020/08/04,2021/02/26,"446300",19048.2164663,6959904.18553
"366",alignment,2610,179.574544110743,293.929992675781,253.168838500977,40.7611541748047,"10","9100",dfaes-ev,Esneux-Formation bis Evieux-Formation (Condroz-Sandstein),Condroz-Gruppe,"-",Sst,Sandstein,"Sandstein; vereinzelt Kalkstein und Dolomitstein",Devon,Oberdevon,"-",Famennium,"-","-","-","-","-",2010/07/29,2020/08/04,2021/02/26,"446300",19048.2164663,6959904.18553
"367",alignment,2620,179.574544110743,293.309997558594,253.365417480469,39.944580078125,"10","9100",dfaes-ev,Esneux-Formation bis Evieux-Formation (Condroz-Sandstein),Condroz-Gruppe,"-",Sst,Sandstein,"Sandstein; vereinzelt Kalkstein und Dolomitstein",Devon,Oberdevon,"-",Famennium,"-","-","-","-","-",2010/07/29,2020/08/04,2021/02/26,"446300",19048.2164663,6959904.18553
"368",alignment,2630,179.574544110743,292.5,253.561996459961,38.9380035400391,"10","9100",dfaes-ev,Esneux-Formation bis Evieux-Formation (Condroz-Sandstein),Condroz-Gruppe,"-",Sst,Sandstein,"Sandstein; vereinzelt Kalkstein und Dolomitstein",Devon,Oberdevon,"-",Famennium,"-","-","-","-","-",2010/07/29,2020/08/04,2021/02/26,"446300",19048.2164663,6959904.18553
"369",alignment,2640,179.574544110743,291.760009765625,253.758575439453,38.0014343261719,"10","9100",dfaes-ev,Esneux-Formation bis Evieux-Formation (Condroz-Sandstein),Condroz-Gruppe,"-",Sst,Sandstein,"Sandstein; vereinzelt Kalkstein und Dolomitstein",Devon,Oberdevon,"-",Famennium,"-","-","-","-","-",2010/07/29,2020/08/04,2021/02/26,"446300",19048.2164663,6959904.18553
"370",alignment,2650,179.574544110743,290.959991455078,253.955139160156,37.0048522949219,"10","9100",dfaes-ev,Esneux-Formation bis Evieux-Formation (Condroz-Sandstein),Condroz-Gruppe,"-",Sst,Sandstein,"Sandstein; vereinzelt Kalkstein und Dolomitstein",Devon,Oberdevon,"-",Famennium,"-","-","-","-","-",2010/07/29,2020/08/04,2021/02/26,"446300",19048.2164663,6959904.18553
"371",alignment,2660,179.574544110743,290.200012207031,254.151718139648,36.0482940673828,"10","9100",dfaes-ev,Esneux-Formation bis Evieux-Formation (Condroz-Sandstein),Condroz-Gruppe,"-",Sst,Sandstein,"Sandstein; vereinzelt Kalkstein und Dolomitstein",Devon,Oberdevon,"-",Famennium,"-","-","-","-","-",2010/07/29,2020/08/04,2021/02/26,"446300",19048.2164663,6959904.18553
"372",alignment,2670,179.574544110743,289.209991455078,254.35725402832,34.8527374267578,"10","9100",dfaes-ev,Esneux-Formation bis Evieux-Formation (Condroz-Sandstein),Condroz-Gruppe,"-",Sst,Sandstein,"Sandstein; vereinzelt Kalkstein und Dolomitstein",Devon,Oberdevon,"-",Famennium,"-","-","-","-","-",2010/07/29,2020/08/04,2021/02/26,"446300",19048.2164663,6959904.18553
"373",alignment,3870,179.574544110743,283.029998779297,285,-1.97000122070313,"13","21420",devfr,Friesenrath-Formation,"-","-",Tst-Ust+Sst,Tonstein bis Schluffstein und Sandstein,"Tonstein bis Schluffstein; untergeordnet Sandstein",Devon,Mitteldevon,"-",Eifelium,"-",Mitteldevon,"-",Givetium,"-",2019/07/24,2020/08/04,2021/02/26,"514000",5746.71753291,1231993.04883
"374",alignment,3880,179.574544110743,282.700012207031,285,-2.29998779296875,"13","21420",devfr,Friesenrath-Formation,"-","-",Tst-Ust+Sst,Tonstein bis Schluffstein und Sandstein,"Tonstein bis Schluffstein; untergeordnet Sandstein",Devon,Mitteldevon,"-",Eifelium,"-",Mitteldevon,"-",Givetium,"-",2019/07/24,2020/08/04,2021/02/26,"514000",5746.71753291,1231993.04883
"375",alignment,3890,179.574544110743,282.649993896484,285,-2.35000610351563,"13","21420",devfr,Friesenrath-Formation,"-","-",Tst-Ust+Sst,Tonstein bis Schluffstein und Sandstein,"Tonstein bis Schluffstein; untergeordnet Sandstein",Devon,Mitteldevon,"-",Eifelium,"-",Mitteldevon,"-",Givetium,"-",2019/07/24,2020/08/04,2021/02/26,"514000",5746.71753291,1231993.04883
"376",alignment,3900,179.574544110743,282.910003662109,284.749176025391,-1.83917236328125,"13","21420",devfr,Friesenrath-Formation,"-","-",Tst-Ust+Sst,Tonstein bis Schluffstein und Sandstein,"Tonstein bis Schluffstein; untergeordnet Sandstein",Devon,Mitteldevon,"-",Eifelium,"-",Mitteldevon,"-",Givetium,"-",2019/07/24,2020/08/04,2021/02/26,"514000",5746.71753291,1231993.04883
"377",alignment,3910,179.574544110743,283.480010986328,284.323944091797,-0.84393310546875,"13","21420",devfr,Friesenrath-Formation,"-","-",Tst-Ust+Sst,Tonstein bis Schluffstein und Sandstein,"Tonstein bis Schluffstein; untergeordnet Sandstein",Devon,Mitteldevon,"-",Eifelium,"-",Mitteldevon,"-",Givetium,"-",2019/07/24,2020/08/04,2021/02/26,"514000",5746.71753291,1231993.04883
"378",alignment,3920,179.574544110743,284.429992675781,283.961883544922,0.468109130859375,"13","21420",devfr,Friesenrath-Formation,"-","-",Tst-Ust+Sst,Tonstein bis Schluffstein und Sandstein,"Tonstein bis Schluffstein; untergeordnet Sandstein",Devon,Mitteldevon,"-",Eifelium,"-",Mitteldevon,"-",Givetium,"-",2019/07/24,2020/08/04,2021/02/26,"514000",5746.71753291,1231993.04883
"379",alignment,3930,179.574544110743,285.690002441406,283.647766113281,2.042236328125,"13","21420",devfr,Friesenrath-Formation,"-","-",Tst-Ust+Sst,Tonstein bis Schluffstein und Sandstein,"Tonstein bis Schluffstein; untergeordnet Sandstein",Devon,Mitteldevon,"-",Eifelium,"-",Mitteldevon,"-",Givetium,"-",2019/07/24,2020/08/04,2021/02/26,"514000",5746.71753291,1231993.04883
"380",alignment,3940,179.574544110743,286.769989013672,283.856781005859,2.9132080078125,"13","21420",devfr,Friesenrath-Formation,"-","-",Tst-Ust+Sst,Tonstein bis Schluffstein und Sandstein,"Tonstein bis Schluffstein; untergeordnet Sandstein",Devon,Mitteldevon,"-",Eifelium,"-",Mitteldevon,"-",Givetium,"-",2019/07/24,2020/08/04,2021/02/26,"514000",5746.71753291,1231993.04883
"381",alignment,3950,179.574544110743,289.350006103516,284.205688476563,5.14431762695313,"13","21420",devfr,Friesenrath-Formation,"-","-",Tst-Ust+Sst,Tonstein bis Schluffstein und Sandstein,"Tonstein bis Schluffstein; untergeordnet Sandstein",Devon,Mitteldevon,"-",Eifelium,"-",Mitteldevon,"-",Givetium,"-",2019/07/24,2020/08/04,2021/02/26,"514000",5746.71753291,1231993.04883
"382",alignment,3960,179.574544110743,293.809997558594,284.554595947266,9.25540161132813,"13","21420",devfr,Friesenrath-Formation,"-","-",Tst-Ust+Sst,Tonstein bis Schluffstein und Sandstein,"Tonstein bis Schluffstein; untergeordnet Sandstein",Devon,Mitteldevon,"-",Eifelium,"-",Mitteldevon,"-",Givetium,"-",2019/07/24,2020/08/04,2021/02/26,"514000",5746.71753291,1231993.04883
"383",alignment,3970,179.574544110743,298.489990234375,284.903533935547,13.5864562988281,"13","21420",devfr,Friesenrath-Formation,"-","-",Tst-Ust+Sst,Tonstein bis Schluffstein und Sandstein,"Tonstein bis Schluffstein; untergeordnet Sandstein",Devon,Mitteldevon,"-",Eifelium,"-",Mitteldevon,"-",Givetium,"-",2019/07/24,2020/08/04,2021/02/26,"514000",5746.71753291,1231993.04883
"384",alignment,3980,179.574544110743,303.010009765625,285.25244140625,17.757568359375,"13","21420",devfr,Friesenrath-Formation,"-","-",Tst-Ust+Sst,Tonstein bis Schluffstein und Sandstein,"Tonstein bis Schluffstein; untergeordnet Sandstein",Devon,Mitteldevon,"-",Eifelium,"-",Mitteldevon,"-",Givetium,"-",2019/07/24,2020/08/04,2021/02/26,"514000",5746.71753291,1231993.04883
"385",alignment,3990,179.574544110743,307.269989013672,285.601379394531,21.6686096191406,"13","21420",devfr,Friesenrath-Formation,"-","-",Tst-Ust+Sst,Tonstein bis Schluffstein und Sandstein,"Tonstein bis Schluffstein; untergeordnet Sandstein",Devon,Mitteldevon,"-",Eifelium,"-",Mitteldevon,"-",Givetium,"-",2019/07/24,2020/08/04,2021/02/26,"514000",5746.71753291,1231993.04883
"386",alignment,4000,179.574544110743,308.019989013672,285.950286865234,22.0697021484375,"13","21420",devfr,Friesenrath-Formation,"-","-",Tst-Ust+Sst,Tonstein bis Schluffstein und Sandstein,"Tonstein bis Schluffstein; untergeordnet Sandstein",Devon,Mitteldevon,"-",Eifelium,"-",Mitteldevon,"-",Givetium,"-",2019/07/24,2020/08/04,2021/02/26,"514000",5746.71753291,1231993.04883
"387",alignment,4010,179.574544110743,308.390014648438,286.240447998047,22.1495666503906,"13","21420",devfr,Friesenrath-Formation,"-","-",Tst-Ust+Sst,Tonstein bis Schluffstein und Sandstein,"Tonstein bis Schluffstein; untergeordnet Sandstein",Devon,Mitteldevon,"-",Eifelium,"-",Mitteldevon,"-",Givetium,"-",2019/07/24,2020/08/04,2021/02/26,"514000",5746.71753291,1231993.04883
"388",alignment,4020,179.574544110743,308.640014648438,286.58935546875,22.0506591796875,"13","21420",devfr,Friesenrath-Formation,"-","-",Tst-Ust+Sst,Tonstein bis Schluffstein und Sandstein,"Tonstein bis Schluffstein; untergeordnet Sandstein",Devon,Mitteldevon,"-",Eifelium,"-",Mitteldevon,"-",Givetium,"-",2019/07/24,2020/08/04,2021/02/26,"514000",5746.71753291,1231993.04883
"389",alignment,4030,179.574544110743,307.049987792969,286.938293457031,20.1116943359375,"13","21420",devfr,Friesenrath-Formation,"-","-",Tst-Ust+Sst,Tonstein bis Schluffstein und Sandstein,"Tonstein bis Schluffstein; untergeordnet Sandstein",Devon,Mitteldevon,"-",Eifelium,"-",Mitteldevon,"-",Givetium,"-",2019/07/24,2020/08/04,2021/02/26,"514000",5746.71753291,1231993.04883
"390",alignment,4040,179.574544110743,307.589996337891,287.287200927734,20.3027954101563,"13","21420",devfr,Friesenrath-Formation,"-","-",Tst-Ust+Sst,Tonstein bis Schluffstein und Sandstein,"Tonstein bis Schluffstein; untergeordnet Sandstein",Devon,Mitteldevon,"-",Eifelium,"-",Mitteldevon,"-",Givetium,"-",2019/07/24,2020/08/04,2021/02/26,"514000",5746.71753291,1231993.04883
"391",alignment,4050,179.574544110743,307.459991455078,287.636138916016,19.8238525390625,"13","21420",devfr,Friesenrath-Formation,"-","-",Tst-Ust+Sst,Tonstein bis Schluffstein und Sandstein,"Tonstein bis Schluffstein; untergeordnet Sandstein",Devon,Mitteldevon,"-",Eifelium,"-",Mitteldevon,"-",Givetium,"-",2019/07/24,2020/08/04,2021/02/26,"514000",5746.71753291,1231993.04883
"392",alignment,4060,179.574544110743,306.589996337891,287.985046386719,18.6049499511719,"13","21420",devfr,Friesenrath-Formation,"-","-",Tst-Ust+Sst,Tonstein bis Schluffstein und Sandstein,"Tonstein bis Schluffstein; untergeordnet Sandstein",Devon,Mitteldevon,"-",Eifelium,"-",Mitteldevon,"-",Givetium,"-",2019/07/24,2020/08/04,2021/02/26,"514000",5746.71753291,1231993.04883
"393",alignment,4070,179.574544110743,305.600006103516,288.369323730469,17.2306823730469,"13","21420",devfr,Friesenrath-Formation,"-","-",Tst-Ust+Sst,Tonstein bis Schluffstein und Sandstein,"Tonstein bis Schluffstein; untergeordnet Sandstein",Devon,Mitteldevon,"-",Eifelium,"-",Mitteldevon,"-",Givetium,"-",2019/07/24,2020/08/04,2021/02/26,"514000",5746.71753291,1231993.04883
"394",alignment,4080,179.574544110743,305.019989013672,288.840942382813,16.1790466308594,"13","21420",devfr,Friesenrath-Formation,"-","-",Tst-Ust+Sst,Tonstein bis Schluffstein und Sandstein,"Tonstein bis Schluffstein; untergeordnet Sandstein",Devon,Mitteldevon,"-",Eifelium,"-",Mitteldevon,"-",Givetium,"-",2019/07/24,2020/08/04,2021/02/26,"514000",5746.71753291,1231993.04883
"395",alignment,4090,179.574544110743,304.609985351563,289.312561035156,15.2974243164063,"13","21420",devfr,Friesenrath-Formation,"-","-",Tst-Ust+Sst,Tonstein bis Schluffstein und Sandstein,"Tonstein bis Schluffstein; untergeordnet Sandstein",Devon,Mitteldevon,"-",Eifelium,"-",Mitteldevon,"-",Givetium,"-",2019/07/24,2020/08/04,2021/02/26,"514000",5746.71753291,1231993.04883
"396",alignment,4100,179.574544110743,304.010009765625,289.7841796875,14.225830078125,"13","21420",devfr,Friesenrath-Formation,"-","-",Tst-Ust+Sst,Tonstein bis Schluffstein und Sandstein,"Tonstein bis Schluffstein; untergeordnet Sandstein",Devon,Mitteldevon,"-",Eifelium,"-",Mitteldevon,"-",Givetium,"-",2019/07/24,2020/08/04,2021/02/26,"514000",5746.71753291,1231993.04883
"397",alignment,4110,179.574544110743,302.940002441406,290.255798339844,12.6842041015625,"13","21420",devfr,Friesenrath-Formation,"-","-",Tst-Ust+Sst,Tonstein bis Schluffstein und Sandstein,"Tonstein bis Schluffstein; untergeordnet Sandstein",Devon,Mitteldevon,"-",Eifelium,"-",Mitteldevon,"-",Givetium,"-",2019/07/24,2020/08/04,2021/02/26,"514000",5746.71753291,1231993.04883
"398",alignment,4120,179.574544110743,302.75,290.618804931641,12.1311950683594,"13","21420",devfr,Friesenrath-Formation,"-","-",Tst-Ust+Sst,Tonstein bis Schluffstein und Sandstein,"Tonstein bis Schluffstein; untergeordnet Sandstein",Devon,Mitteldevon,"-",Eifelium,"-",Mitteldevon,"-",Givetium,"-",2019/07/24,2020/08/04,2021/02/26,"514000",5746.71753291,1231993.04883
"399",alignment,4130,179.574544110743,302.390014648438,290.936676025391,11.4533386230469,"13","21420",devfr,Friesenrath-Formation,"-","-",Tst-Ust+Sst,Tonstein bis Schluffstein und Sandstein,"Tonstein bis Schluffstein; untergeordnet Sandstein",Devon,Mitteldevon,"-",Eifelium,"-",Mitteldevon,"-",Givetium,"-",2019/07/24,2020/08/04,2021/02/26,"514000",5746.71753291,1231993.04883
"400",alignment,4140,179.574544110743,301.820007324219,291.254577636719,10.5654296875,"13","21420",devfr,Friesenrath-Formation,"-","-",Tst-Ust+Sst,Tonstein bis Schluffstein und Sandstein,"Tonstein bis Schluffstein; untergeordnet Sandstein",Devon,Mitteldevon,"-",Eifelium,"-",Mitteldevon,"-",Givetium,"-",2019/07/24,2020/08/04,2021/02/26,"514000",5746.71753291,1231993.04883
"401",alignment,4150,179.574544110743,300.920013427734,291.509674072266,9.41033935546875,"13","21420",devfr,Friesenrath-Formation,"-","-",Tst-Ust+Sst,Tonstein bis Schluffstein und Sandstein,"Tonstein bis Schluffstein; untergeordnet Sandstein",Devon,Mitteldevon,"-",Eifelium,"-",Mitteldevon,"-",Givetium,"-",2019/07/24,2020/08/04,2021/02/26,"514000",5746.71753291,1231993.04883
"402",alignment,4160,179.574544110743,300.369995117188,291.827575683594,8.54241943359375,"13","21420",devfr,Friesenrath-Formation,"-","-",Tst-Ust+Sst,Tonstein bis Schluffstein und Sandstein,"Tonstein bis Schluffstein; untergeordnet Sandstein",Devon,Mitteldevon,"-",Eifelium,"-",Mitteldevon,"-",Givetium,"-",2019/07/24,2020/08/04,2021/02/26,"514000",5746.71753291,1231993.04883
"403",alignment,4170,179.574544110743,300.089996337891,292.145446777344,7.94454956054688,"13","21420",devfr,Friesenrath-Formation,"-","-",Tst-Ust+Sst,Tonstein bis Schluffstein und Sandstein,"Tonstein bis Schluffstein; untergeordnet Sandstein",Devon,Mitteldevon,"-",Eifelium,"-",Mitteldevon,"-",Givetium,"-",2019/07/24,2020/08/04,2021/02/26,"514000",5746.71753291,1231993.04883
"404",alignment,4180,179.574544110743,299.859985351563,292.463348388672,7.39663696289063,"13","21420",devfr,Friesenrath-Formation,"-","-",Tst-Ust+Sst,Tonstein bis Schluffstein und Sandstein,"Tonstein bis Schluffstein; untergeordnet Sandstein",Devon,Mitteldevon,"-",Eifelium,"-",Mitteldevon,"-",Givetium,"-",2019/07/24,2020/08/04,2021/02/26,"514000",5746.71753291,1231993.04883
"405",alignment,4190,179.574544110743,299.679992675781,292.78125,6.89874267578125,"13","21420",devfr,Friesenrath-Formation,"-","-",Tst-Ust+Sst,Tonstein bis Schluffstein und Sandstein,"Tonstein bis Schluffstein; untergeordnet Sandstein",Devon,Mitteldevon,"-",Eifelium,"-",Mitteldevon,"-",Givetium,"-",2019/07/24,2020/08/04,2021/02/26,"514000",5746.71753291,1231993.04883
"406",alignment,4200,179.574544110743,299.619995117188,293.099151611328,6.52084350585938,"13","21420",devfr,Friesenrath-Formation,"-","-",Tst-Ust+Sst,Tonstein bis Schluffstein und Sandstein,"Tonstein bis Schluffstein; untergeordnet Sandstein",Devon,Mitteldevon,"-",Eifelium,"-",Mitteldevon,"-",Givetium,"-",2019/07/24,2020/08/04,2021/02/26,"514000",5746.71753291,1231993.04883
"407",alignment,4210,179.574544110743,299.799987792969,293.417053222656,6.3829345703125,"13","21420",devfr,Friesenrath-Formation,"-","-",Tst-Ust+Sst,Tonstein bis Schluffstein und Sandstein,"Tonstein bis Schluffstein; untergeordnet Sandstein",Devon,Mitteldevon,"-",Eifelium,"-",Mitteldevon,"-",Givetium,"-",2019/07/24,2020/08/04,2021/02/26,"514000",5746.71753291,1231993.04883
"408",alignment,4220,179.574544110743,298.809997558594,293.734924316406,5.0750732421875,"13","21420",devfr,Friesenrath-Formation,"-","-",Tst-Ust+Sst,Tonstein bis Schluffstein und Sandstein,"Tonstein bis Schluffstein; untergeordnet Sandstein",Devon,Mitteldevon,"-",Eifelium,"-",Mitteldevon,"-",Givetium,"-",2019/07/24,2020/08/04,2021/02/26,"514000",5746.71753291,1231993.04883
"409",alignment,4230,179.574544110743,296.320007324219,294.052825927734,2.26718139648438,"13","21420",devfr,Friesenrath-Formation,"-","-",Tst-Ust+Sst,Tonstein bis Schluffstein und Sandstein,"Tonstein bis Schluffstein; untergeordnet Sandstein",Devon,Mitteldevon,"-",Eifelium,"-",Mitteldevon,"-",Givetium,"-",2019/07/24,2020/08/04,2021/02/26,"514000",5746.71753291,1231993.04883
"410",alignment,4240,179.574544110743,292.380004882813,294.370727539063,-1.99072265625,"13","21420",devfr,Friesenrath-Formation,"-","-",Tst-Ust+Sst,Tonstein bis Schluffstein und Sandstein,"Tonstein bis Schluffstein; untergeordnet Sandstein",Devon,Mitteldevon,"-",Eifelium,"-",Mitteldevon,"-",Givetium,"-",2019/07/24,2020/08/04,2021/02/26,"514000",5746.71753291,1231993.04883
"411",alignment,4250,179.574544110743,288.640014648438,294.707489013672,-6.06747436523438,"13","21420",devfr,Friesenrath-Formation,"-","-",Tst-Ust+Sst,Tonstein bis Schluffstein und Sandstein,"Tonstein bis Schluffstein; untergeordnet Sandstein",Devon,Mitteldevon,"-",Eifelium,"-",Mitteldevon,"-",Givetium,"-",2019/07/24,2020/08/04,2021/02/26,"514000",5746.71753291,1231993.04883
"412",alignment,4260,135.000000000633,285.390014648438,294.691741943359,-9.30172729492188,"13","21420",devfr,Friesenrath-Formation,"-","-",Tst-Ust+Sst,Tonstein bis Schluffstein und Sandstein,"Tonstein bis Schluffstein; untergeordnet Sandstein",Devon,Mitteldevon,"-",Eifelium,"-",Mitteldevon,"-",Givetium,"-",2019/07/24,2020/08/04,2021/02/26,"514000",5746.71753291,1231993.04883
"413",alignment,4270,135.000000000633,281.200012207031,293.651702880859,-12.4516906738281,"13","21420",devfr,Friesenrath-Formation,"-","-",Tst-Ust+Sst,Tonstein bis Schluffstein und Sandstein,"Tonstein bis Schluffstein; untergeordnet Sandstein",Devon,Mitteldevon,"-",Eifelium,"-",Mitteldevon,"-",Givetium,"-",2019/07/24,2020/08/04,2021/02/26,"514000",5746.71753291,1231993.04883
"414",alignment,4280,135.000000000633,277.220001220703,291.299011230469,-14.0790100097656,"13","21420",devfr,Friesenrath-Formation,"-","-",Tst-Ust+Sst,Tonstein bis Schluffstein und Sandstein,"Tonstein bis Schluffstein; untergeordnet Sandstein",Devon,Mitteldevon,"-",Eifelium,"-",Mitteldevon,"-",Givetium,"-",2019/07/24,2020/08/04,2021/02/26,"514000",5746.71753291,1231993.04883
"415",alignment,3790,179.574544110743,290.820007324219,283.374237060547,7.44577026367188,"14","21410",dvflq,Fleuth-Schichten (quadrigeminum-Schichten),"-","-",Tst-Ust+Sst,Tonstein bis Schluffstein und Sandstein,"Tonstein bis Schluffstein und Sandstein; untergeordnet Kalkstein",Devon,Mitteldevon,"-",Givetium,"-","-","-","-","-",2019/07/24,2020/08/04,2021/02/26,"502000",3057.30825077,124152.963403
"416",alignment,3800,179.574544110743,290.709991455078,282.673065185547,8.03692626953125,"14","21410",dvflq,Fleuth-Schichten (quadrigeminum-Schichten),"-","-",Tst-Ust+Sst,Tonstein bis Schluffstein und Sandstein,"Tonstein bis Schluffstein und Sandstein; untergeordnet Kalkstein",Devon,Mitteldevon,"-",Givetium,"-","-","-","-","-",2019/07/24,2020/08/04,2021/02/26,"502000",3057.30825077,124152.963403
"417",alignment,3810,179.574544110743,290.440002441406,281.883911132813,8.55609130859375,"14","21410",dvflq,Fleuth-Schichten (quadrigeminum-Schichten),"-","-",Tst-Ust+Sst,Tonstein bis Schluffstein und Sandstein,"Tonstein bis Schluffstein und Sandstein; untergeordnet Kalkstein",Devon,Mitteldevon,"-",Givetium,"-","-","-","-","-",2019/07/24,2020/08/04,2021/02/26,"502000",3057.30825077,124152.963403
"418",alignment,3820,179.574544110743,289.739990234375,281.461517333984,8.27847290039063,"14","21410",dvflq,Fleuth-Schichten (quadrigeminum-Schichten),"-","-",Tst-Ust+Sst,Tonstein bis Schluffstein und Sandstein,"Tonstein bis Schluffstein und Sandstein; untergeordnet Kalkstein",Devon,Mitteldevon,"-",Givetium,"-","-","-","-","-",2019/07/24,2020/08/04,2021/02/26,"502000",3057.30825077,124152.963403
"419",alignment,3830,179.574544110743,289.260009765625,280.833221435547,8.42678833007813,"14","21410",dvflq,Fleuth-Schichten (quadrigeminum-Schichten),"-","-",Tst-Ust+Sst,Tonstein bis Schluffstein und Sandstein,"Tonstein bis Schluffstein und Sandstein; untergeordnet Kalkstein",Devon,Mitteldevon,"-",Givetium,"-","-","-","-","-",2019/07/24,2020/08/04,2021/02/26,"502000",3057.30825077,124152.963403
"420",alignment,3840,179.574544110743,288.119995117188,281.475006103516,6.64498901367188,"14","21410",dvflq,Fleuth-Schichten (quadrigeminum-Schichten),"-","-",Tst-Ust+Sst,Tonstein bis Schluffstein und Sandstein,"Tonstein bis Schluffstein und Sandstein; untergeordnet Kalkstein",Devon,Mitteldevon,"-",Givetium,"-","-","-","-","-",2019/07/24,2020/08/04,2021/02/26,"502000",3057.30825077,124152.963403
"421",alignment,3850,179.574544110743,285.170013427734,282.221069335938,2.94894409179688,"14","21410",dvflq,Fleuth-Schichten (quadrigeminum-Schichten),"-","-",Tst-Ust+Sst,Tonstein bis Schluffstein und Sandstein,"Tonstein bis Schluffstein und Sandstein; untergeordnet Kalkstein",Devon,Mitteldevon,"-",Givetium,"-","-","-","-","-",2019/07/24,2020/08/04,2021/02/26,"502000",3057.30825077,124152.963403
"422",alignment,3860,179.574544110743,283.700012207031,283.551055908203,0.148956298828125,"14","21410",dvflq,Fleuth-Schichten (quadrigeminum-Schichten),"-","-",Tst-Ust+Sst,Tonstein bis Schluffstein und Sandstein,"Tonstein bis Schluffstein und Sandstein; untergeordnet Kalkstein",Devon,Mitteldevon,"-",Givetium,"-","-","-","-","-",2019/07/24,2020/08/04,2021/02/26,"502000",3057.30825077,124152.963403
"423",alignment,3720,179.574544110743,272.859985351563,281.107879638672,-8.24789428710938,"15","21400",dvfrmk,Massenkalk (ungegliedert),"-","-",Kst+Dst,Kalkstein und Dolomitstein,Kalkstein und Dolomitstein,Devon,Mitteldevon,"-",Givetium,"-",Oberdevon,"-",Frasnium,"-",2019/07/24,2020/08/04,2021/02/26,"469000",2381.39083884,124422.93386
"424",alignment,3730,179.574544110743,274,281.435180664063,-7.4351806640625,"15","21400",dvfrmk,Massenkalk (ungegliedert),"-","-",Kst+Dst,Kalkstein und Dolomitstein,Kalkstein und Dolomitstein,Devon,Mitteldevon,"-",Givetium,"-",Oberdevon,"-",Frasnium,"-",2019/07/24,2020/08/04,2021/02/26,"469000",2381.39083884,124422.93386
"425",alignment,3740,179.574544110743,273.890014648438,281.737670898438,-7.84765625,"15","21400",dvfrmk,Massenkalk (ungegliedert),"-","-",Kst+Dst,Kalkstein und Dolomitstein,Kalkstein und Dolomitstein,Devon,Mitteldevon,"-",Givetium,"-",Oberdevon,"-",Frasnium,"-",2019/07/24,2020/08/04,2021/02/26,"469000",2381.39083884,124422.93386
"426",alignment,3750,179.574544110743,276.130004882813,282.064971923828,-5.93496704101563,"15","21400",dvfrmk,Massenkalk (ungegliedert),"-","-",Kst+Dst,Kalkstein und Dolomitstein,Kalkstein und Dolomitstein,Devon,Mitteldevon,"-",Givetium,"-",Oberdevon,"-",Frasnium,"-",2019/07/24,2020/08/04,2021/02/26,"469000",2381.39083884,124422.93386
"427",alignment,3760,179.574544110743,288.959991455078,282.392272949219,6.56771850585938,"15","21400",dvfrmk,Massenkalk (ungegliedert),"-","-",Kst+Dst,Kalkstein und Dolomitstein,Kalkstein und Dolomitstein,Devon,Mitteldevon,"-",Givetium,"-",Oberdevon,"-",Frasnium,"-",2019/07/24,2020/08/04,2021/02/26,"469000",2381.39083884,124422.93386
"428",alignment,3770,179.574544110743,290.820007324219,282.719604492188,8.10040283203125,"15","21400",dvfrmk,Massenkalk (ungegliedert),"-","-",Kst+Dst,Kalkstein und Dolomitstein,Kalkstein und Dolomitstein,Devon,Mitteldevon,"-",Givetium,"-",Oberdevon,"-",Frasnium,"-",2019/07/24,2020/08/04,2021/02/26,"469000",2381.39083884,124422.93386
"429",alignment,3780,179.574544110743,290.790008544922,283.046905517578,7.74310302734375,"15","21400",dvfrmk,Massenkalk (ungegliedert),"-","-",Kst+Dst,Kalkstein und Dolomitstein,Kalkstein und Dolomitstein,Devon,Mitteldevon,"-",Givetium,"-",Oberdevon,"-",Frasnium,"-",2019/07/24,2020/08/04,2021/02/26,"469000",2381.39083884,124422.93386
